-- phpMyAdmin SQL Dump
-- version 4.7.4
-- https://www.phpmyadmin.net/
--
-- Host: 127.0.0.1:3306
-- Generation Time: Aug 31, 2018 at 07:06 PM
-- Server version: 5.7.19
-- PHP Version: 7.1.9

SET SQL_MODE = "NO_AUTO_VALUE_ON_ZERO";
SET AUTOCOMMIT = 0;
START TRANSACTION;
SET time_zone = "+00:00";


/*!40101 SET @OLD_CHARACTER_SET_CLIENT=@@CHARACTER_SET_CLIENT */;
/*!40101 SET @OLD_CHARACTER_SET_RESULTS=@@CHARACTER_SET_RESULTS */;
/*!40101 SET @OLD_COLLATION_CONNECTION=@@COLLATION_CONNECTION */;
/*!40101 SET NAMES utf8mb4 */;

--
-- Database: `eapi`
--

-- --------------------------------------------------------

--
-- Table structure for table `migrations`
--

DROP TABLE IF EXISTS `migrations`;
CREATE TABLE IF NOT EXISTS `migrations` (
  `id` int(10) UNSIGNED NOT NULL AUTO_INCREMENT,
  `migration` varchar(191) COLLATE utf8mb4_unicode_ci NOT NULL,
  `batch` int(11) NOT NULL,
  PRIMARY KEY (`id`)
) ENGINE=MyISAM AUTO_INCREMENT=5 DEFAULT CHARSET=utf8mb4 COLLATE=utf8mb4_unicode_ci;

--
-- Dumping data for table `migrations`
--

INSERT INTO `migrations` (`id`, `migration`, `batch`) VALUES
(1, '2014_10_12_000000_create_users_table', 1),
(2, '2014_10_12_100000_create_password_resets_table', 1),
(3, '2018_08_31_173017_create_products_table', 1),
(4, '2018_08_31_173037_create_reviews_table', 1);

-- --------------------------------------------------------

--
-- Table structure for table `password_resets`
--

DROP TABLE IF EXISTS `password_resets`;
CREATE TABLE IF NOT EXISTS `password_resets` (
  `email` varchar(191) COLLATE utf8mb4_unicode_ci NOT NULL,
  `token` varchar(191) COLLATE utf8mb4_unicode_ci NOT NULL,
  `created_at` timestamp NULL DEFAULT NULL,
  KEY `password_resets_email_index` (`email`)
) ENGINE=MyISAM DEFAULT CHARSET=utf8mb4 COLLATE=utf8mb4_unicode_ci;

-- --------------------------------------------------------

--
-- Table structure for table `products`
--

DROP TABLE IF EXISTS `products`;
CREATE TABLE IF NOT EXISTS `products` (
  `id` int(10) UNSIGNED NOT NULL AUTO_INCREMENT,
  `name` varchar(191) COLLATE utf8mb4_unicode_ci NOT NULL,
  `detail` text COLLATE utf8mb4_unicode_ci NOT NULL,
  `price` int(11) NOT NULL,
  `stock` int(11) NOT NULL,
  `discount` int(11) NOT NULL,
  `created_at` timestamp NULL DEFAULT NULL,
  `updated_at` timestamp NULL DEFAULT NULL,
  PRIMARY KEY (`id`)
) ENGINE=MyISAM AUTO_INCREMENT=101 DEFAULT CHARSET=utf8mb4 COLLATE=utf8mb4_unicode_ci;

--
-- Dumping data for table `products`
--

INSERT INTO `products` (`id`, `name`, `detail`, `price`, `stock`, `discount`, `created_at`, `updated_at`) VALUES
(1, 'eos', 'Sit doloremque velit voluptate at alias repellat eaque. Voluptas velit ut magni inventore provident repellendus. Nemo ipsum consequatur rerum soluta. At adipisci molestias sint non.', 873, 7, 6, '2018-08-31 12:57:10', '2018-08-31 12:57:10'),
(2, 'eum', 'Ea quisquam quia aliquam nesciunt quasi iste quasi. Autem ipsam nulla cupiditate neque rerum dolor. Mollitia est odit reiciendis sit cumque. Quia est aspernatur consequatur dicta inventore eaque laudantium.', 328, 4, 25, '2018-08-31 12:57:10', '2018-08-31 12:57:10'),
(3, 'quos', 'Velit quia placeat tempore et molestiae molestias. Est hic occaecati cumque illum vitae reprehenderit qui eum. Atque modi reiciendis quibusdam deserunt quod a. Aspernatur labore quae molestiae exercitationem id recusandae quaerat.', 549, 8, 28, '2018-08-31 12:57:10', '2018-08-31 12:57:10'),
(4, 'rerum', 'Voluptas tempore molestias rerum molestiae. Quam vitae exercitationem est nisi. Quia vel deserunt et et.', 327, 4, 24, '2018-08-31 12:57:10', '2018-08-31 12:57:10'),
(5, 'provident', 'Id soluta voluptas aut ab. Est sint animi beatae sint voluptates consequatur sed. Nesciunt autem necessitatibus quisquam et.', 185, 8, 18, '2018-08-31 12:57:10', '2018-08-31 12:57:10'),
(6, 'ratione', 'Quisquam beatae sit nam voluptatem dolorum. Tempora eos est veniam earum quo. Facere voluptas cupiditate aut esse.', 724, 8, 23, '2018-08-31 12:57:10', '2018-08-31 12:57:10'),
(7, 'qui', 'Labore eos quo quasi doloribus est et recusandae. Rem voluptas rerum illum voluptatem labore enim rerum. Dolorum ullam blanditiis quos magni doloremque. Ex ducimus sapiente voluptatibus ut delectus voluptas possimus. Nostrum sit possimus neque eum cum quos nesciunt.', 337, 5, 11, '2018-08-31 12:57:10', '2018-08-31 12:57:10'),
(8, 'incidunt', 'A voluptate velit est molestiae. Quia quis modi illum quia dolorem commodi aut. Ea eveniet et molestiae perferendis molestiae ad fuga.', 864, 7, 9, '2018-08-31 12:57:10', '2018-08-31 12:57:10'),
(9, 'fugit', 'Accusantium maiores nobis labore repellendus sed. Vel esse animi ipsum illum quia nam. Amet beatae quis omnis corrupti odio consequatur rerum. Sit quibusdam omnis illo labore ipsa.', 724, 5, 8, '2018-08-31 12:57:10', '2018-08-31 12:57:10'),
(10, 'dolores', 'Quos omnis culpa sit perspiciatis deserunt totam unde eligendi. Accusamus voluptatum deleniti sint eos id est nihil. Aut error possimus quod omnis quia.', 104, 5, 25, '2018-08-31 12:57:10', '2018-08-31 12:57:10'),
(11, 'corrupti', 'Necessitatibus quam rem ex nobis. Tenetur et consequatur eum doloribus aspernatur vero. Dolore et et ut aut dolorem explicabo ipsa temporibus. Aut unde at veniam molestias non.', 129, 2, 27, '2018-08-31 12:57:10', '2018-08-31 12:57:10'),
(12, 'temporibus', 'Cum culpa ratione excepturi nihil laborum ipsam. Voluptatem eos assumenda reiciendis sed nihil. Deleniti quis fugiat nihil ipsum. Enim amet earum tempora itaque et illum eos.', 579, 0, 2, '2018-08-31 12:57:10', '2018-08-31 12:57:10'),
(13, 'voluptatibus', 'Est ea nihil voluptas et nemo. Similique eum assumenda voluptate quas. Quam pariatur voluptas ad non. Veniam maxime ea et nostrum illum.', 113, 2, 17, '2018-08-31 12:57:10', '2018-08-31 12:57:10'),
(14, 'labore', 'Asperiores ut et dicta et numquam. Beatae dolores fugit natus recusandae et voluptatum vitae. Assumenda illo deserunt minus perspiciatis.', 578, 0, 27, '2018-08-31 12:57:10', '2018-08-31 12:57:10'),
(15, 'perspiciatis', 'Est vero aut nesciunt. Qui sit et voluptas velit quia aut. Vero unde quam et aliquid tempora vel omnis qui. Natus qui incidunt repudiandae modi voluptas explicabo. Et sed omnis dignissimos.', 225, 6, 4, '2018-08-31 12:57:10', '2018-08-31 12:57:10'),
(16, 'qui', 'Rerum qui deserunt et et. Et sunt impedit est nobis quis voluptatem. Rerum perspiciatis et aut alias doloremque. Placeat maxime nam maiores. Quia nihil soluta ut cum sed ut.', 429, 9, 6, '2018-08-31 12:57:10', '2018-08-31 12:57:10'),
(17, 'modi', 'Autem non a ut rem vitae. Qui non aut nisi fugit quis voluptatem voluptatem. Facere nemo sed iusto.', 939, 3, 17, '2018-08-31 12:57:10', '2018-08-31 12:57:10'),
(18, 'nihil', 'Rerum aspernatur labore tenetur molestias rerum sed dolores. Perferendis incidunt ipsam quaerat doloribus necessitatibus. Est similique vitae exercitationem accusamus consequuntur sit.', 300, 2, 29, '2018-08-31 12:57:10', '2018-08-31 12:57:10'),
(19, 'nihil', 'Rerum quas non eos in nostrum. Corporis vero eius quo officiis. Reprehenderit rerum vero et eum. Illum cupiditate id sed ea.', 451, 4, 23, '2018-08-31 12:57:10', '2018-08-31 12:57:10'),
(20, 'quia', 'Iure in consectetur explicabo odio cum. Dolor quos dolores consequatur sit ipsam et. Quasi voluptatibus quibusdam magni omnis amet officiis enim. Nihil id amet velit quia.', 994, 9, 20, '2018-08-31 12:57:10', '2018-08-31 12:57:10'),
(21, 'nihil', 'Cumque omnis molestiae ullam incidunt ut animi voluptas facilis. Quia aut dolore quibusdam suscipit earum maxime est. Earum atque sequi optio. Officiis nihil aliquid aut optio voluptates nihil. Nisi odio quibusdam sint dignissimos minus eius porro.', 583, 1, 23, '2018-08-31 12:57:10', '2018-08-31 12:57:10'),
(22, 'doloribus', 'Quasi sed illo velit et qui odio est. Hic et voluptates iusto at dignissimos dolor repellat. Tenetur labore vero quis nulla assumenda rerum totam perferendis. Ut ut occaecati et molestiae vel nulla numquam. Eaque exercitationem quia sint perferendis et.', 266, 6, 8, '2018-08-31 12:57:10', '2018-08-31 12:57:10'),
(23, 'dignissimos', 'Eius sint optio et provident quidem perspiciatis. Saepe voluptas dolor facilis ea sapiente nesciunt nesciunt. Quia cumque porro odit iusto illum eaque ad.', 417, 5, 30, '2018-08-31 12:57:10', '2018-08-31 12:57:10'),
(24, 'sint', 'Iusto dolores repudiandae cupiditate et beatae repudiandae itaque quia. Possimus voluptatum accusantium quos maxime adipisci sint asperiores. Modi fuga labore culpa non inventore facere ducimus eveniet.', 639, 8, 29, '2018-08-31 12:57:10', '2018-08-31 12:57:10'),
(25, 'architecto', 'Cupiditate ducimus omnis rerum delectus quaerat consequatur nisi. Ut ipsa architecto odit ut officiis dolorum odit. Repellendus vero nihil et velit autem et possimus. Nisi cumque deleniti doloribus provident similique ullam non.', 924, 1, 12, '2018-08-31 12:57:10', '2018-08-31 12:57:10'),
(26, 'aut', 'Nostrum voluptas aut consequuntur illum doloribus voluptatum aut. Ad voluptatem et ratione. Sed fugit enim sit tempora non accusantium maiores dicta.', 915, 3, 18, '2018-08-31 12:57:10', '2018-08-31 12:57:10'),
(27, 'inventore', 'Corrupti molestias expedita consequatur dicta omnis. Sunt tempore itaque tenetur labore qui et dolores. Id rerum sit exercitationem adipisci architecto eius et.', 967, 6, 4, '2018-08-31 12:57:10', '2018-08-31 12:57:10'),
(28, 'voluptatem', 'Enim quia ullam dolor saepe consequatur iste blanditiis. Dolor excepturi et eligendi quod necessitatibus. Totam quo minus molestiae debitis tempora corrupti. Odit enim pariatur molestiae sed.', 926, 2, 23, '2018-08-31 12:57:10', '2018-08-31 12:57:10'),
(29, 'sunt', 'Exercitationem excepturi et magni error dolorum aut est. Quia sapiente repellat et consequuntur earum alias. Aut quae magni quia et excepturi.', 870, 1, 13, '2018-08-31 12:57:10', '2018-08-31 12:57:10'),
(30, 'qui', 'Cumque repellendus earum voluptatem explicabo. Reiciendis minima aut illo voluptas voluptatem.', 772, 1, 25, '2018-08-31 12:57:10', '2018-08-31 12:57:10'),
(31, 'accusantium', 'Fuga doloremque minima odio eum quisquam provident. Ducimus ut atque minus velit. Consectetur rerum laborum aliquam ut saepe culpa.', 623, 7, 26, '2018-08-31 12:57:10', '2018-08-31 12:57:10'),
(32, 'ipsum', 'Quisquam consequatur dicta illo est omnis dignissimos. Eaque nostrum aut sed commodi sunt natus. Rerum perspiciatis aut quia est quia officiis excepturi consectetur.', 336, 5, 24, '2018-08-31 12:57:10', '2018-08-31 12:57:10'),
(33, 'mollitia', 'Molestias culpa nobis optio et non. Corrupti et consequatur officiis harum libero ab. Aperiam in cupiditate officia sit et. Officiis alias ipsam dolor rerum minus non.', 769, 7, 30, '2018-08-31 12:57:10', '2018-08-31 12:57:10'),
(34, 'recusandae', 'Tempora voluptas quo exercitationem cupiditate voluptatem. Iusto ipsam ea facere nostrum voluptates et commodi totam. Minima nostrum odit minima nisi nesciunt iste ipsam. Modi earum et unde animi quod ut omnis beatae.', 894, 7, 8, '2018-08-31 12:57:10', '2018-08-31 12:57:10'),
(35, 'et', 'Debitis dignissimos velit labore quisquam rem. Et quae aut ipsum atque tempore et asperiores. Perspiciatis adipisci repudiandae sed nesciunt.', 973, 1, 15, '2018-08-31 12:57:10', '2018-08-31 12:57:10'),
(36, 'autem', 'Saepe nam at deleniti repudiandae deleniti ipsum. Tenetur voluptate voluptatum iure assumenda est qui. Est sunt voluptas ipsum sed hic. Voluptatem aut qui itaque et dolorum inventore unde. Aspernatur voluptates veritatis dolore atque aut est.', 781, 2, 27, '2018-08-31 12:57:10', '2018-08-31 12:57:10'),
(37, 'accusantium', 'Debitis debitis provident qui. Modi et quo odio quia ducimus recusandae saepe. Voluptatem exercitationem vel porro et earum voluptatem quis est. Dignissimos fuga vel culpa inventore temporibus voluptas. Aperiam incidunt provident nemo unde eaque iure.', 148, 5, 14, '2018-08-31 12:57:10', '2018-08-31 12:57:10'),
(38, 'fugiat', 'Sit et quibusdam optio eos. Expedita totam quis aut molestiae. Veniam aspernatur possimus neque minima explicabo ut voluptatum. Consequatur perferendis accusamus doloremque cum rerum repellat quibusdam fuga.', 654, 2, 8, '2018-08-31 12:57:10', '2018-08-31 12:57:10'),
(39, 'qui', 'Ab et officia non cupiditate. Sed et amet praesentium alias. Corrupti dolorem distinctio et aut laboriosam.', 742, 3, 9, '2018-08-31 12:57:10', '2018-08-31 12:57:10'),
(40, 'vel', 'Amet placeat molestiae aperiam earum laborum. Deleniti dolores eveniet in est. Consequuntur at est totam et dolor quia inventore. Vel aliquam et nihil voluptatem.', 120, 3, 12, '2018-08-31 12:57:10', '2018-08-31 12:57:10'),
(41, 'est', 'Pariatur ullam ipsa dolores excepturi dolor omnis hic. Quaerat aut et quaerat ut. Aperiam et est aut sed. Et iusto molestiae voluptate ea itaque sed.', 949, 7, 8, '2018-08-31 12:57:10', '2018-08-31 12:57:10'),
(42, 'dicta', 'Est vel ut tempore voluptate voluptatem. Earum eum id est sunt consequatur fuga dolores. Error nemo neque aut blanditiis reiciendis amet impedit. Sed voluptas ab iusto hic voluptates blanditiis. Quidem explicabo qui dolor.', 684, 9, 17, '2018-08-31 12:57:10', '2018-08-31 12:57:10'),
(43, 'et', 'Blanditiis saepe beatae explicabo provident vitae et. In qui est eum magnam cumque. Aut ipsam amet possimus voluptas.', 962, 8, 10, '2018-08-31 12:57:10', '2018-08-31 12:57:10'),
(44, 'amet', 'Unde enim animi recusandae rerum eveniet. Debitis quis optio laborum et perferendis. Sit quisquam in sit inventore impedit temporibus reprehenderit.', 416, 2, 20, '2018-08-31 12:57:10', '2018-08-31 12:57:10'),
(45, 'nihil', 'Et omnis deleniti distinctio rerum. Ea nulla doloribus nam neque fugiat ipsam. Sunt quidem voluptas minima quibusdam exercitationem nesciunt qui. Voluptatem ab nesciunt iste quasi sit. Itaque ab ipsum rerum sed.', 173, 4, 4, '2018-08-31 12:57:10', '2018-08-31 12:57:10'),
(46, 'iusto', 'Dolores qui nam aspernatur laudantium numquam sunt. Facere in dolore aspernatur veritatis enim suscipit. Maiores debitis et excepturi unde nulla cumque impedit.', 995, 9, 12, '2018-08-31 12:57:10', '2018-08-31 12:57:10'),
(47, 'placeat', 'Ex aut unde non nulla. Dolor excepturi placeat sit non nihil nemo est. Aut repellendus minima corporis doloribus qui quia sunt.', 524, 8, 16, '2018-08-31 12:57:10', '2018-08-31 12:57:10'),
(48, 'est', 'Et et qui quia est est. Eaque molestias iusto sapiente vitae possimus porro.', 231, 7, 15, '2018-08-31 12:57:10', '2018-08-31 12:57:10'),
(49, 'sapiente', 'Modi neque qui excepturi explicabo quidem explicabo. Quia nostrum debitis sapiente delectus ad quo. Quia vel velit quos ex fuga hic quas.', 105, 2, 7, '2018-08-31 12:57:10', '2018-08-31 12:57:10'),
(50, 'quia', 'Placeat voluptate est fugiat sed ducimus molestiae nihil. Aut repellat doloribus voluptatibus tenetur sit quos sit. Possimus reiciendis dolor quam ipsa blanditiis assumenda. Facilis facere ut quod ut temporibus ex.', 324, 0, 13, '2018-08-31 12:57:10', '2018-08-31 12:57:10'),
(51, 'dolorum', 'Nisi veniam sint qui. Ut asperiores excepturi temporibus voluptatibus quis repellat. Est optio quisquam mollitia quo.', 322, 1, 24, '2018-08-31 13:03:52', '2018-08-31 13:03:52'),
(52, 'id', 'Sit et sunt quasi ab vero iusto unde. Iste quas omnis eos error ut earum atque vitae. Sint earum est ratione cumque sunt culpa perferendis. Voluptatem error error et aut aut.', 224, 9, 10, '2018-08-31 13:03:52', '2018-08-31 13:03:52'),
(53, 'deserunt', 'Quod est alias et. Atque explicabo ipsum deserunt eligendi vitae. Repellat dolorem iste blanditiis deleniti assumenda libero dignissimos.', 473, 5, 17, '2018-08-31 13:03:52', '2018-08-31 13:03:52'),
(54, 'tenetur', 'Dolor distinctio libero fugit sint minima id. Quis unde voluptatem illum similique. Autem voluptas numquam corporis vel vel reprehenderit qui. Numquam quae sed velit natus aliquid sequi sint.', 310, 2, 25, '2018-08-31 13:03:52', '2018-08-31 13:03:52'),
(55, 'qui', 'Commodi temporibus vero non et error ipsam. Et est distinctio cum magni vel ut rem. Voluptates qui officiis quis rem.', 557, 1, 12, '2018-08-31 13:03:52', '2018-08-31 13:03:52'),
(56, 'blanditiis', 'Et quo labore nihil delectus rem velit. Voluptates maxime eligendi dolore rerum sit voluptatum consequatur culpa. Voluptas debitis omnis vel autem sequi et omnis. Voluptatem quia hic error et porro voluptates doloremque. Ab aut consequatur sunt natus quibusdam aperiam.', 238, 5, 2, '2018-08-31 13:03:52', '2018-08-31 13:03:52'),
(57, 'dolores', 'Ducimus quo tempore nisi sunt qui mollitia cumque. Nemo est cupiditate voluptates. Aut sed quisquam officiis quidem. Amet est corporis dignissimos nesciunt facere.', 842, 4, 26, '2018-08-31 13:03:52', '2018-08-31 13:03:52'),
(58, 'quibusdam', 'Rerum tempore mollitia nihil quod aliquid aspernatur quae. Illum qui labore quo numquam ea. Itaque ab omnis laboriosam a necessitatibus ipsam sit.', 188, 8, 25, '2018-08-31 13:03:52', '2018-08-31 13:03:52'),
(59, 'ea', 'Aliquid repellendus molestiae eum et et optio sunt. Voluptatum dicta voluptatem optio. Soluta rerum voluptatem maiores ut laboriosam dolorem. Earum laudantium magni consequuntur dolores rerum corporis.', 403, 1, 26, '2018-08-31 13:03:52', '2018-08-31 13:03:52'),
(60, 'nulla', 'Cumque aut nostrum minus modi. Debitis voluptas a iste blanditiis debitis vitae. Autem temporibus alias incidunt dignissimos dignissimos et. In sint mollitia et aut officia magnam itaque.', 159, 9, 24, '2018-08-31 13:03:52', '2018-08-31 13:03:52'),
(61, 'veniam', 'Molestiae dolor et quae et impedit. Quis cupiditate cumque sit est eos dolorem praesentium perspiciatis. Voluptas sit cumque commodi porro quae. Quo voluptatem at deleniti optio cupiditate eaque rerum. Nihil dignissimos dolorem veritatis dolorem voluptatum ea.', 347, 6, 3, '2018-08-31 13:03:52', '2018-08-31 13:03:52'),
(62, 'enim', 'Necessitatibus dolorem ut voluptas ut pariatur impedit aut. Eius impedit rerum et est.', 976, 7, 17, '2018-08-31 13:03:52', '2018-08-31 13:03:52'),
(63, 'debitis', 'Laborum adipisci distinctio quasi distinctio minus veritatis tempore et. Corporis est vel vel accusantium voluptas voluptatum esse. Quis fugit non architecto sit et.', 130, 1, 8, '2018-08-31 13:03:52', '2018-08-31 13:03:52'),
(64, 'voluptas', 'Ut laudantium ex quod quisquam quo sit. Molestias consectetur quia consequuntur inventore in. Qui porro animi iure esse aut deserunt. Minima est nostrum est quae suscipit vitae adipisci odio.', 461, 8, 14, '2018-08-31 13:03:52', '2018-08-31 13:03:52'),
(65, 'aut', 'Quo occaecati accusamus eius tempora voluptate facilis iure. Vitae delectus temporibus nihil aut ea quidem.', 704, 9, 16, '2018-08-31 13:03:52', '2018-08-31 13:03:52'),
(66, 'porro', 'Qui et dolorem qui et porro. Odit temporibus provident dolor et tempore. Dignissimos aut et qui quos. Perspiciatis voluptates nulla assumenda architecto hic. Eum autem praesentium aliquam voluptatibus dignissimos.', 821, 8, 21, '2018-08-31 13:03:52', '2018-08-31 13:03:52'),
(67, 'quas', 'Ut asperiores deleniti explicabo quam quia et. Velit voluptatum dolor explicabo sunt. Quia ut nisi eligendi fugit consequatur assumenda. Tenetur ut est excepturi in eos qui.', 194, 8, 8, '2018-08-31 13:03:52', '2018-08-31 13:03:52'),
(68, 'facere', 'Voluptas nihil sed porro aut fugit rerum ab. Tempore sunt beatae quos provident aut ut. Quas et neque molestiae itaque veniam.', 524, 4, 16, '2018-08-31 13:03:52', '2018-08-31 13:03:52'),
(69, 'qui', 'Voluptate eaque molestiae enim ut. Natus voluptate perferendis est voluptatum vel rerum. Repellendus velit temporibus rerum error. Vel sunt animi nihil eligendi quidem libero tempore.', 753, 7, 19, '2018-08-31 13:03:52', '2018-08-31 13:03:52'),
(70, 'et', 'Perferendis cum est quidem ratione eveniet aut. Aut cupiditate recusandae qui rem qui mollitia. Sed ut dignissimos officia consectetur tenetur aut.', 163, 6, 30, '2018-08-31 13:03:52', '2018-08-31 13:03:52'),
(71, 'non', 'Et aspernatur eaque quis voluptas libero aperiam. Et labore dolorum impedit. Aut quod dolorem sed libero omnis quis. Error atque omnis ut recusandae. Exercitationem rerum est ut dolores.', 991, 0, 25, '2018-08-31 13:03:52', '2018-08-31 13:03:52'),
(72, 'inventore', 'Explicabo autem dignissimos sit voluptas omnis iure perferendis culpa. Quam voluptatem quas sit aut minus libero. Rerum quasi aut consequuntur cum quae laborum ea sed.', 702, 2, 14, '2018-08-31 13:03:52', '2018-08-31 13:03:52'),
(73, 'nemo', 'Omnis asperiores quis laboriosam dolores delectus totam molestiae eaque. Doloribus eos et error modi esse. Quidem et voluptatem quo delectus maxime et vel. Quis praesentium adipisci quo aliquam debitis amet dolorem.', 313, 9, 7, '2018-08-31 13:03:52', '2018-08-31 13:03:52'),
(74, 'voluptatibus', 'Id vel quia voluptatem non possimus porro neque. Sunt eligendi repudiandae voluptatum dicta totam sunt. Sed qui illo velit adipisci quis et necessitatibus.', 347, 4, 25, '2018-08-31 13:03:52', '2018-08-31 13:03:52'),
(75, 'in', 'Iusto et est nihil vel dolores explicabo quia ratione. Repellat sed aperiam qui ab porro ut. Et libero velit qui veniam et voluptatum consequatur laboriosam. Asperiores alias asperiores consequatur laboriosam est.', 274, 1, 10, '2018-08-31 13:03:52', '2018-08-31 13:03:52'),
(76, 'eligendi', 'Labore consequatur repudiandae animi est. Harum nisi ipsum nisi temporibus. Excepturi ut dolorem earum.', 562, 5, 11, '2018-08-31 13:03:52', '2018-08-31 13:03:52'),
(77, 'rem', 'Dignissimos deleniti ut quis doloribus. Vitae ea maiores consequuntur ea rerum reprehenderit. Ut laudantium fugit qui. Pariatur qui non nisi aut et distinctio tempora. Excepturi voluptatem eum et quidem.', 324, 7, 11, '2018-08-31 13:03:52', '2018-08-31 13:03:52'),
(78, 'et', 'Temporibus a quasi similique consequatur dolores. Eius fugit iure praesentium iusto porro quis est et. Doloribus voluptatibus amet aliquam et sed repellat. Est qui enim atque sed.', 424, 7, 14, '2018-08-31 13:03:52', '2018-08-31 13:03:52'),
(79, 'quas', 'Voluptatem earum voluptatem repellat consectetur sunt. Error aspernatur voluptates impedit eum corrupti.', 644, 5, 11, '2018-08-31 13:03:52', '2018-08-31 13:03:52'),
(80, 'vitae', 'Quae excepturi aperiam placeat non perferendis. Corporis explicabo facere facere nisi quae. Est minus animi velit ipsam quisquam voluptas doloribus.', 753, 5, 18, '2018-08-31 13:03:52', '2018-08-31 13:03:52'),
(81, 'dignissimos', 'Rerum recusandae commodi tempore quod cumque. Illo enim porro nihil omnis quia eum voluptas. Dolor ad est eum voluptatem vel qui ut. Quo id voluptas officia tempora.', 428, 7, 17, '2018-08-31 13:03:52', '2018-08-31 13:03:52'),
(82, 'sed', 'Tempora quasi amet est facilis. Voluptatibus qui doloremque adipisci autem eius quo architecto. Qui aut at nobis eaque sed vitae.', 907, 1, 24, '2018-08-31 13:03:52', '2018-08-31 13:03:52'),
(83, 'quae', 'Illo id ut nulla soluta quasi a totam vero. Ex eos reprehenderit quo corrupti laboriosam et dolor ut.', 569, 0, 17, '2018-08-31 13:03:52', '2018-08-31 13:03:52'),
(84, 'est', 'Accusamus voluptatem quos est tempore. Qui ullam veritatis explicabo at dolor quod. Corporis sed ea qui labore. Adipisci omnis culpa sint provident veniam at quaerat nulla. Sapiente fugiat odit suscipit vero atque.', 696, 1, 2, '2018-08-31 13:03:52', '2018-08-31 13:03:52'),
(85, 'accusantium', 'Quia ipsa illum voluptatem illo. Dolor omnis debitis est dolore quasi dolor. Soluta rerum laborum beatae est dolorum. Quis ea in saepe ea ipsum provident dolor.', 575, 0, 27, '2018-08-31 13:03:52', '2018-08-31 13:03:52'),
(86, 'sapiente', 'Rem omnis ut non est voluptas. Sint maxime doloribus atque excepturi atque eum. Aliquid beatae exercitationem aperiam aliquid sit placeat pariatur.', 117, 5, 8, '2018-08-31 13:03:52', '2018-08-31 13:03:52'),
(87, 'est', 'Laboriosam adipisci odio excepturi sequi tempore. Est sint et aut velit dignissimos. Fugit cum odit enim iste.', 400, 4, 26, '2018-08-31 13:03:52', '2018-08-31 13:03:52'),
(88, 'esse', 'Officiis culpa ut voluptas est dolorum. Aut illum soluta dolorem nemo non. A consequatur rerum soluta omnis excepturi minima.', 371, 8, 29, '2018-08-31 13:03:52', '2018-08-31 13:03:52'),
(89, 'quod', 'Quidem enim voluptatibus facilis architecto eum ab in laboriosam. Eum voluptas ipsa et qui eligendi. Magnam ut harum architecto vel. Debitis repudiandae incidunt praesentium ad ullam dolore.', 817, 1, 30, '2018-08-31 13:03:52', '2018-08-31 13:03:52'),
(90, 'quod', 'Eaque saepe laudantium quo et repellendus. Sit fuga occaecati aut rerum doloribus magni quia. At perferendis aut dolore omnis quibusdam consectetur amet. Neque autem ut accusamus aliquid laborum illum deserunt.', 949, 3, 14, '2018-08-31 13:03:52', '2018-08-31 13:03:52'),
(91, 'omnis', 'Reiciendis quia at beatae aspernatur. Corrupti sed eaque commodi sit nam qui aut. Ipsa ullam fugit impedit cupiditate ullam excepturi.', 920, 2, 30, '2018-08-31 13:03:52', '2018-08-31 13:03:52'),
(92, 'sapiente', 'Vel odio corrupti quis ipsa id. Commodi voluptas sunt adipisci praesentium ab.', 797, 5, 20, '2018-08-31 13:03:52', '2018-08-31 13:03:52'),
(93, 'quae', 'Enim eum veritatis et eaque fugiat facere aut. Rerum accusantium deserunt itaque cupiditate. Quo minima maxime quisquam quisquam id aliquid nisi. Quidem quisquam rerum ad rerum veniam id rerum.', 985, 0, 18, '2018-08-31 13:03:52', '2018-08-31 13:03:52'),
(94, 'ut', 'Praesentium sequi ut soluta esse magnam quaerat nesciunt. Quia eius quibusdam recusandae eos dolores debitis et. Est ipsa hic ratione officiis officia maxime. Praesentium fugit cupiditate ea temporibus facilis occaecati.', 249, 1, 19, '2018-08-31 13:03:52', '2018-08-31 13:03:52'),
(95, 'deserunt', 'Explicabo et ut modi vel accusantium. Et sit illo atque ipsa. Quidem quasi doloremque non sit aliquam accusamus. Aut cumque quibusdam voluptatibus in dolorum non.', 744, 9, 20, '2018-08-31 13:03:52', '2018-08-31 13:03:52'),
(96, 'culpa', 'Rerum aut sit qui ullam accusantium laborum voluptatibus. Delectus voluptatem est autem omnis dolor voluptas. Culpa voluptatem doloremque et voluptas voluptatem accusantium. Nemo debitis quis et perferendis dicta blanditiis explicabo id.', 542, 5, 22, '2018-08-31 13:03:52', '2018-08-31 13:03:52'),
(97, 'culpa', 'At officiis quis sit laudantium est saepe. Eveniet voluptate voluptatem quisquam. Cumque quam quos maxime blanditiis officia.', 231, 2, 19, '2018-08-31 13:03:52', '2018-08-31 13:03:52'),
(98, 'rerum', 'Neque quaerat aspernatur sunt repellendus aut voluptas sit accusamus. Eaque illo illum sit. Rem voluptas animi animi ipsum ut fugit ad.', 602, 3, 10, '2018-08-31 13:03:52', '2018-08-31 13:03:52'),
(99, 'et', 'Velit maxime tempore sint nobis est sapiente culpa. Corrupti officiis omnis consequatur. Et eligendi eum et voluptas quas aliquam aliquid.', 834, 4, 11, '2018-08-31 13:03:52', '2018-08-31 13:03:52'),
(100, 'corrupti', 'Voluptas accusantium non omnis tempore sit. Saepe ipsam non recusandae ut perferendis quia. Fuga sint delectus quasi.', 452, 8, 20, '2018-08-31 13:03:52', '2018-08-31 13:03:52');

-- --------------------------------------------------------

--
-- Table structure for table `reviews`
--

DROP TABLE IF EXISTS `reviews`;
CREATE TABLE IF NOT EXISTS `reviews` (
  `id` int(10) UNSIGNED NOT NULL AUTO_INCREMENT,
  `product_id` int(10) UNSIGNED NOT NULL,
  `customer` varchar(191) COLLATE utf8mb4_unicode_ci NOT NULL,
  `review` text COLLATE utf8mb4_unicode_ci NOT NULL,
  `star` int(11) NOT NULL,
  `created_at` timestamp NULL DEFAULT NULL,
  `updated_at` timestamp NULL DEFAULT NULL,
  PRIMARY KEY (`id`),
  KEY `reviews_product_id_index` (`product_id`)
) ENGINE=MyISAM AUTO_INCREMENT=301 DEFAULT CHARSET=utf8mb4 COLLATE=utf8mb4_unicode_ci;

--
-- Dumping data for table `reviews`
--

INSERT INTO `reviews` (`id`, `product_id`, `customer`, `review`, `star`, `created_at`, `updated_at`) VALUES
(1, 96, 'Prof. Daniela Kreiger', 'Sapiente aut quas perferendis ipsum omnis qui dolorem. Inventore est assumenda nihil. Praesentium perspiciatis provident magni eum dolores consequuntur minus nam. Exercitationem cumque incidunt ipsam eius dignissimos eum esse.', 2, '2018-08-31 13:03:53', '2018-08-31 13:03:53'),
(2, 47, 'Nettie Emard Jr.', 'Iure quibusdam pariatur dolor. Natus ut molestias facilis labore veritatis eum fuga. Placeat quaerat ea non nulla saepe iusto velit atque. Ex fuga non fuga tempore exercitationem distinctio.', 5, '2018-08-31 13:03:53', '2018-08-31 13:03:53'),
(3, 9, 'Joseph Bednar', 'Omnis dolores et magni omnis omnis. Omnis vero sed porro et. Occaecati explicabo est et nihil.', 4, '2018-08-31 13:03:53', '2018-08-31 13:03:53'),
(4, 17, 'Jasper Medhurst', 'Dolores repellendus repellat temporibus soluta. Et qui atque fugit. Tenetur sequi expedita laborum accusantium.', 3, '2018-08-31 13:03:53', '2018-08-31 13:03:53'),
(5, 73, 'Antonette Hegmann', 'Voluptate sequi in ea laboriosam aut quia. Odit magnam numquam fugit ex blanditiis reiciendis eveniet aperiam. Fugit commodi numquam consequatur quia quos quia ex. Voluptas voluptatem itaque nostrum sunt.', 1, '2018-08-31 13:03:53', '2018-08-31 13:03:53'),
(6, 86, 'Roselyn Osinski', 'Optio amet voluptas sit suscipit ea nihil. Dolore vero optio reiciendis numquam. Accusamus ducimus iste neque sunt. Et labore nesciunt doloremque eius.', 4, '2018-08-31 13:03:53', '2018-08-31 13:03:53'),
(7, 38, 'Jordan Schneider Jr.', 'Aut quas et nisi in reiciendis. Nihil rerum voluptatibus ea. Earum iste ea rerum sequi. Illum et non cupiditate necessitatibus magni est.', 0, '2018-08-31 13:03:53', '2018-08-31 13:03:53'),
(8, 60, 'Mr. Triston Grant', 'Et voluptates rerum perferendis impedit vel id. Esse eos hic sequi rerum possimus sit. Ut quaerat consectetur quaerat quia. Voluptas deserunt id et.', 2, '2018-08-31 13:03:53', '2018-08-31 13:03:53'),
(9, 85, 'Harold Beahan', 'Esse est optio temporibus unde omnis. Ratione sint veniam at vero voluptatem dicta optio. Impedit quam est est quos maxime et architecto. Voluptates eaque vel ullam. Nostrum et velit consectetur.', 2, '2018-08-31 13:03:53', '2018-08-31 13:03:53'),
(10, 95, 'Duane Metz', 'Dolores sed illum ipsum consectetur. Cumque aspernatur et neque eaque id molestiae a. Impedit quaerat et ipsa odit sed error possimus molestiae. Aut fuga nisi saepe. Temporibus maiores unde sint qui aspernatur non.', 1, '2018-08-31 13:03:53', '2018-08-31 13:03:53'),
(11, 14, 'Dr. Vita Lemke PhD', 'Sit et ut numquam voluptatibus fugiat ipsam cum. Distinctio quia aperiam adipisci eligendi aut odio cupiditate. Odio vitae in doloribus similique.', 5, '2018-08-31 13:03:53', '2018-08-31 13:03:53'),
(12, 44, 'Dr. Buster Cormier Sr.', 'Temporibus et est molestiae suscipit. Est asperiores ea ipsam est consequatur non. Dignissimos qui quae deleniti numquam nihil molestiae ullam. Sit ut velit totam qui.', 0, '2018-08-31 13:03:53', '2018-08-31 13:03:53'),
(13, 26, 'Sandy Marvin', 'Et dolore repellat rem temporibus qui rerum. Est tempore voluptatem perferendis.', 1, '2018-08-31 13:03:53', '2018-08-31 13:03:53'),
(14, 56, 'Jeromy Murazik', 'Consequuntur consequatur provident vero. Inventore consequatur omnis est sit id quis perferendis. Mollitia earum corrupti maiores sit amet consectetur.', 3, '2018-08-31 13:03:53', '2018-08-31 13:03:53'),
(15, 33, 'Dr. Trace Erdman I', 'Reprehenderit non temporibus doloribus quos. Ut id eligendi iste pariatur ullam. Corrupti qui eos sed molestiae.', 4, '2018-08-31 13:03:53', '2018-08-31 13:03:53'),
(16, 5, 'Sidney Botsford', 'Molestiae aperiam consectetur id sed. Voluptas consequatur aliquid repellendus perspiciatis qui.', 1, '2018-08-31 13:03:53', '2018-08-31 13:03:53'),
(17, 50, 'Kailyn Stokes', 'Odio optio quia aperiam minima dicta placeat veniam. Temporibus est delectus unde aut. Cum blanditiis ut sunt autem vitae tempore sunt.', 4, '2018-08-31 13:03:53', '2018-08-31 13:03:53'),
(18, 43, 'Monte Baumbach', 'Adipisci quae perspiciatis nemo. Quo est perspiciatis amet possimus. Quia a ut alias minima labore. Enim veritatis tenetur alias.', 2, '2018-08-31 13:03:53', '2018-08-31 13:03:53'),
(19, 99, 'Ms. Liana Yundt', 'Voluptatum deserunt exercitationem et iste eaque. Minima molestiae in aperiam est. Similique et aspernatur ipsum qui alias.', 3, '2018-08-31 13:03:53', '2018-08-31 13:03:53'),
(20, 93, 'Randy Johnson', 'Reiciendis vitae explicabo qui et corporis. Porro necessitatibus praesentium corporis cupiditate debitis. Repudiandae quasi laboriosam nihil modi rerum. Et ducimus recusandae tempora enim porro nemo quaerat et.', 3, '2018-08-31 13:03:53', '2018-08-31 13:03:53'),
(21, 45, 'Prof. Maryse Ruecker', 'Minus molestias architecto nisi exercitationem et laudantium. Voluptate omnis sed temporibus repudiandae est. Quasi quia veritatis inventore impedit officiis. Illum repellat nemo sed aut enim.', 1, '2018-08-31 13:03:53', '2018-08-31 13:03:53'),
(22, 26, 'Dr. Caterina Parker III', 'Ut praesentium quod omnis. Non quo voluptate nisi nihil rerum. Ut adipisci voluptatem asperiores deserunt sit omnis. Nisi et deserunt suscipit incidunt fugit. Dolore et quam doloremque minus perspiciatis praesentium non.', 5, '2018-08-31 13:03:53', '2018-08-31 13:03:53'),
(23, 13, 'Miss Lauriane Durgan', 'Quae odit ex suscipit rem. Repellat laborum hic iure consequatur et beatae ad ducimus. Qui in error velit vel. Dolorem hic repellat qui aut.', 3, '2018-08-31 13:03:53', '2018-08-31 13:03:53'),
(24, 27, 'Benny Lebsack', 'Omnis enim autem cumque eaque sunt eaque. Molestiae et deserunt voluptatem nostrum omnis error quidem. Dolor repellat eum velit. Et omnis vel est vero quisquam.', 4, '2018-08-31 13:03:53', '2018-08-31 13:03:53'),
(25, 58, 'Nyah Mosciski', 'Aut aut vitae aspernatur asperiores. Dolorem voluptas temporibus ratione harum pariatur cumque. Possimus et explicabo iure ut mollitia nesciunt repudiandae cumque.', 5, '2018-08-31 13:03:53', '2018-08-31 13:03:53'),
(26, 47, 'Blaze Gulgowski', 'Soluta sunt ratione quam aut. Minima rerum enim consequatur repudiandae consectetur. Labore temporibus nobis minima ducimus ut sit accusamus assumenda. Officia et doloribus esse sunt exercitationem. Veniam culpa ratione reiciendis.', 2, '2018-08-31 13:03:53', '2018-08-31 13:03:53'),
(27, 26, 'Miss Maymie Tremblay MD', 'Tempore non molestiae magni sed nulla enim. Eveniet ut vitae libero voluptatem sint animi.', 0, '2018-08-31 13:03:53', '2018-08-31 13:03:53'),
(28, 76, 'Nestor Hayes', 'Ipsa perferendis ullam qui excepturi eius perferendis quis. Inventore ad in impedit eum voluptatem. Totam ipsam eos qui et consectetur repudiandae.', 2, '2018-08-31 13:03:53', '2018-08-31 13:03:53'),
(29, 1, 'Marietta Abernathy', 'Quo fugiat qui error voluptates non praesentium. Dolore et ducimus est sapiente omnis. Ipsam sunt in non sed. Dolorem voluptatibus quos sunt quos libero laudantium ex.', 3, '2018-08-31 13:03:53', '2018-08-31 13:03:53'),
(30, 14, 'Matteo Will I', 'Alias ut quidem tenetur incidunt deserunt. Qui asperiores tempora quas rerum est. Non nemo quibusdam error dolores vel.', 5, '2018-08-31 13:03:53', '2018-08-31 13:03:53'),
(31, 79, 'Armand Kautzer', 'Dicta itaque ea quia placeat impedit. Accusantium eligendi numquam reiciendis praesentium. Maiores consequuntur sed fugit voluptate amet. Autem qui in ab est minima dicta ullam.', 1, '2018-08-31 13:03:53', '2018-08-31 13:03:53'),
(32, 44, 'Prof. Aaron Lueilwitz', 'Eaque odit et mollitia sit non aut reiciendis. Quaerat ipsum eos saepe. Nisi sunt aut distinctio laudantium praesentium.', 5, '2018-08-31 13:03:53', '2018-08-31 13:03:53'),
(33, 59, 'Prof. Ray Nicolas', 'Quae quia et illo. Occaecati amet cupiditate et rerum soluta. Eum maxime architecto quaerat. Blanditiis temporibus sunt quia molestias voluptatum dolore accusamus autem.', 1, '2018-08-31 13:03:53', '2018-08-31 13:03:53'),
(34, 48, 'Charlotte Zboncak', 'Eius laborum omnis nisi amet sunt velit eum. Non aut quia perferendis et perspiciatis esse. Voluptatem sit earum dolor et eos rerum.', 5, '2018-08-31 13:03:53', '2018-08-31 13:03:53'),
(35, 2, 'Ebony Bergstrom', 'Odit modi et assumenda saepe fugiat labore et molestiae. Maxime maiores nulla molestiae.', 2, '2018-08-31 13:03:53', '2018-08-31 13:03:53'),
(36, 40, 'Ms. Madisyn Halvorson', 'Repudiandae velit sit est facilis nesciunt fuga. Rerum fuga voluptatum soluta iusto voluptatum corrupti quis hic. Eligendi facilis ut id voluptatum. Autem facilis perspiciatis nesciunt fugiat ipsam vero maxime.', 4, '2018-08-31 13:03:53', '2018-08-31 13:03:53'),
(37, 31, 'Andreane Cummings Sr.', 'Cum ipsam molestiae et explicabo ipsum iste voluptates. Sint quia non a quas omnis maiores. Eveniet amet non libero aliquam. Sint incidunt ad voluptas et.', 5, '2018-08-31 13:03:53', '2018-08-31 13:03:53'),
(38, 10, 'Dr. Lavern Cormier', 'Autem et explicabo veritatis maxime ex non voluptatum. Odit eius ut est est dolor in. Quas a in quia ullam. Qui consequatur qui perspiciatis dolores.', 0, '2018-08-31 13:03:53', '2018-08-31 13:03:53'),
(39, 19, 'Oral Fahey', 'Qui quibusdam occaecati nulla molestiae dolores aut sed. Labore blanditiis aliquid adipisci odio facilis. Veniam necessitatibus id pariatur magnam quidem est eveniet.', 3, '2018-08-31 13:03:53', '2018-08-31 13:03:53'),
(40, 76, 'Cristian Tillman', 'Accusamus dolore perspiciatis facilis ratione aspernatur. Quod magni quo similique non ea et. Voluptatem ipsam ut et in repudiandae neque sit.', 0, '2018-08-31 13:03:53', '2018-08-31 13:03:53'),
(41, 91, 'Prof. Linwood Gutmann IV', 'Sint amet ducimus quaerat sunt a. Accusamus ut ullam consequatur est sed. Asperiores non labore suscipit reiciendis aliquam consequuntur qui. Aspernatur est nulla sunt corrupti eum sit eveniet perspiciatis.', 4, '2018-08-31 13:03:53', '2018-08-31 13:03:53'),
(42, 94, 'Ruby Zemlak IV', 'Voluptatem odio omnis nulla. Adipisci ducimus quia fugit laudantium. Voluptatibus quasi libero ut perspiciatis nesciunt mollitia voluptas quo. Veniam laborum quasi molestiae eius inventore.', 3, '2018-08-31 13:03:53', '2018-08-31 13:03:53'),
(43, 76, 'Mr. Jean Stark DDS', 'Vel rerum quasi possimus impedit rerum consequuntur vitae. Quia quia distinctio quia et. Aut saepe id et quia temporibus et hic voluptatem.', 0, '2018-08-31 13:03:53', '2018-08-31 13:03:53'),
(44, 56, 'Everardo Schuster', 'Commodi quidem qui voluptatem ad repellat voluptatibus culpa. Iusto doloribus labore aut fugit rerum. Recusandae sint id autem aut. Velit laudantium cumque consectetur libero aliquam. Molestiae nostrum reprehenderit expedita quis.', 5, '2018-08-31 13:03:53', '2018-08-31 13:03:53'),
(45, 34, 'Rupert Carroll', 'Totam impedit sunt omnis et ipsum. Quas qui quia asperiores eum asperiores. Accusamus nostrum dignissimos assumenda nemo eius neque et. Beatae quia commodi modi maiores repellendus.', 5, '2018-08-31 13:03:53', '2018-08-31 13:03:53'),
(46, 59, 'Muhammad Nicolas', 'Non ut praesentium hic odit. Vitae sed minima recusandae. Consequuntur maxime repellat voluptas eveniet qui incidunt reprehenderit ipsam.', 1, '2018-08-31 13:03:53', '2018-08-31 13:03:53'),
(47, 47, 'Catharine Schaden', 'Cumque aliquam atque quod minus. Officia expedita provident et pariatur ducimus fuga. Tenetur facere accusantium expedita consequatur at animi voluptate. Et voluptatum architecto maiores eveniet explicabo autem.', 3, '2018-08-31 13:03:53', '2018-08-31 13:03:53'),
(48, 93, 'Mr. Dillan Grady', 'Voluptas reprehenderit consequatur at consequatur incidunt. Non soluta et autem quia eaque voluptatum. Molestiae consequatur repellat et nobis quis quos. Ex eos ut dolorem aliquid quos hic.', 2, '2018-08-31 13:03:53', '2018-08-31 13:03:53'),
(49, 98, 'Susan Rohan', 'Placeat debitis sunt delectus. Enim dolorum voluptatem dolorum. Magni deleniti aut dolorem quaerat. Aspernatur aliquam accusamus necessitatibus dicta nesciunt.', 1, '2018-08-31 13:03:53', '2018-08-31 13:03:53'),
(50, 73, 'Paul Lind', 'Quia asperiores dolores quod aut minima amet aut. Mollitia consequatur vel sapiente ex non. Dolorem magnam et accusantium id impedit quibusdam. Soluta voluptatem libero nisi quia aut officia.', 2, '2018-08-31 13:03:53', '2018-08-31 13:03:53'),
(51, 1, 'Mr. Ulices Rosenbaum', 'Excepturi quam perferendis sint et nam qui explicabo eveniet. Est tenetur autem sit. Aut dolorum rem placeat.', 4, '2018-08-31 13:03:53', '2018-08-31 13:03:53'),
(52, 33, 'Ms. Kailee Upton', 'Consequatur et odio sint repellendus modi autem eaque sapiente. Dolorum corrupti fugit nesciunt odio itaque molestiae enim. Laudantium qui vel reiciendis.', 1, '2018-08-31 13:03:53', '2018-08-31 13:03:53'),
(53, 4, 'Izaiah Romaguera', 'Ullam excepturi corrupti aut perferendis. Architecto accusantium laudantium enim voluptatem illum incidunt vel est. Et vitae beatae temporibus sint voluptatem ipsa quaerat.', 3, '2018-08-31 13:03:53', '2018-08-31 13:03:53'),
(54, 48, 'Ms. Angelina Kreiger Sr.', 'Ex quia eum similique. Nobis quia in non id repellat. Suscipit omnis et omnis deserunt ea qui autem laudantium. Et est corrupti voluptatem eos ad.', 3, '2018-08-31 13:03:53', '2018-08-31 13:03:53'),
(55, 26, 'Ramona Will', 'Quis doloremque nisi sint quia dignissimos. Nihil autem voluptas ab in. In repellendus est dolores. Voluptatem perferendis natus magni sit.', 0, '2018-08-31 13:03:53', '2018-08-31 13:03:53'),
(56, 2, 'Roxane Batz', 'Assumenda alias sed voluptatibus natus explicabo. Accusantium blanditiis sunt recusandae aut voluptatem ut eaque. Sunt placeat est laudantium impedit non ullam voluptas earum. Cupiditate est doloribus eligendi et amet rerum et.', 4, '2018-08-31 13:03:53', '2018-08-31 13:03:53'),
(57, 37, 'Tyreek O\'Hara PhD', 'Doloremque expedita itaque voluptatem dolorem. Nulla ut voluptatum quod qui ut. Ducimus tempora eos libero minima voluptate voluptate aut. Rem perspiciatis voluptatem harum et suscipit officiis quia.', 2, '2018-08-31 13:03:53', '2018-08-31 13:03:53'),
(58, 87, 'Cooper Heller', 'Quidem quas sed quia odit unde. Corporis eum molestiae omnis perferendis. Nemo omnis et maiores similique. Aliquam nisi corrupti ratione.', 0, '2018-08-31 13:03:53', '2018-08-31 13:03:53'),
(59, 64, 'Dr. Zackary Osinski', 'Rem nulla aut incidunt quia aut animi et. Placeat et commodi dolorum facilis et eius similique.', 4, '2018-08-31 13:03:53', '2018-08-31 13:03:53'),
(60, 53, 'Lukas Carter DDS', 'Omnis enim sed quia. Nisi necessitatibus dignissimos aliquid aut natus. Mollitia iste ut fugiat.', 4, '2018-08-31 13:03:53', '2018-08-31 13:03:53'),
(61, 21, 'Joana Tromp', 'Qui iure et aut id. Eos cupiditate voluptatem et et sit qui aut in. Adipisci reiciendis quia sit modi distinctio animi. A magni odit ipsam perferendis sapiente. Itaque tempora non dicta impedit.', 2, '2018-08-31 13:03:53', '2018-08-31 13:03:53'),
(62, 98, 'Mrs. Abigail Reichel', 'Aut id tempore ea nam cumque sunt libero soluta. Nisi consequatur molestiae ipsa sed ipsum libero ea. Ad a repudiandae placeat voluptatibus rem.', 5, '2018-08-31 13:03:53', '2018-08-31 13:03:53'),
(63, 95, 'Minerva Gibson', 'Delectus perferendis perspiciatis eos error. Commodi et qui et culpa rerum eum omnis. Aliquid nam quaerat quos maxime est ut illum sit. Quidem sapiente dolorum officia fugit.', 2, '2018-08-31 13:03:53', '2018-08-31 13:03:53'),
(64, 48, 'Dr. Carole Braun V', 'Possimus harum dolores qui. Nulla aut et impedit tenetur omnis. Et accusamus architecto aut possimus suscipit ex recusandae. Consequuntur ut doloribus aut.', 1, '2018-08-31 13:03:53', '2018-08-31 13:03:53'),
(65, 3, 'Emmitt Hirthe', 'At et consequatur possimus libero libero. Ut id eos velit ab accusamus iste. Qui corporis quia accusantium aut nam.', 2, '2018-08-31 13:03:53', '2018-08-31 13:03:53'),
(66, 72, 'Jarod Wiza III', 'Illo qui molestiae cupiditate consequatur sit eaque est pariatur. Mollitia ut eum voluptatem aut ea. Molestiae quos error voluptatem voluptates.', 2, '2018-08-31 13:03:53', '2018-08-31 13:03:53'),
(67, 57, 'Berta Goyette', 'Et ut ut dolorem. Quo quas eveniet rem esse. Enim qui eaque fugiat aut cupiditate. Est et error voluptatem qui.', 3, '2018-08-31 13:03:53', '2018-08-31 13:03:53'),
(68, 41, 'Lauren Waters', 'Doloremque minima recusandae quia enim ut dignissimos totam. Ipsum delectus quibusdam dolores optio optio maiores saepe. Nulla ut sed aut et voluptatum. Aut laudantium quia atque qui beatae delectus et. Aut repellat magni doloremque aut.', 4, '2018-08-31 13:03:53', '2018-08-31 13:03:53'),
(69, 21, 'Otho Mohr', 'Qui sit veniam illum nihil nulla exercitationem autem animi. Fuga nihil occaecati vel dignissimos. Cum aliquam ad quia sit et. Quae expedita voluptatem eum praesentium.', 5, '2018-08-31 13:03:53', '2018-08-31 13:03:53'),
(70, 7, 'Dr. Petra Bartoletti Sr.', 'Sint id eveniet et vel. Aliquam ducimus neque itaque facere est dolores. Rerum magnam omnis qui consequatur et nam eum. Dolores cupiditate ut sed qui aspernatur.', 5, '2018-08-31 13:03:53', '2018-08-31 13:03:53'),
(71, 38, 'Walton Jerde', 'Necessitatibus quis nisi voluptatum accusantium animi voluptates. Optio voluptates incidunt assumenda qui reprehenderit. Accusantium itaque optio non ratione facilis voluptas. Sequi voluptates officiis fugit aperiam et perspiciatis doloribus.', 3, '2018-08-31 13:03:53', '2018-08-31 13:03:53'),
(72, 68, 'Pattie Heller', 'Provident numquam enim alias cupiditate officiis sequi. Dicta accusamus nihil occaecati ab est a. Et culpa quo rerum recusandae.', 2, '2018-08-31 13:03:53', '2018-08-31 13:03:53'),
(73, 86, 'Perry Halvorson', 'Exercitationem aspernatur omnis aut dicta. Voluptatem autem possimus assumenda et. Voluptates eligendi a ut voluptatibus et voluptas beatae. Minus eos voluptatem quas eligendi minus.', 5, '2018-08-31 13:03:53', '2018-08-31 13:03:53'),
(74, 12, 'Noel Purdy', 'Reiciendis quia corporis debitis at quas repudiandae nobis. Voluptatum deleniti accusantium ipsam. Commodi cupiditate consequatur sit odit dolores minus aliquid quia. Perferendis debitis excepturi aut nisi aut.', 4, '2018-08-31 13:03:53', '2018-08-31 13:03:53'),
(75, 88, 'Addison Schaden', 'Sed sed qui ea nihil occaecati occaecati. Quis incidunt fuga dolore. Omnis nobis ad soluta facilis odio ut.', 0, '2018-08-31 13:03:53', '2018-08-31 13:03:53'),
(76, 24, 'Russel McClure', 'Quam laboriosam labore sequi voluptas eos. Ullam excepturi aut mollitia omnis.', 2, '2018-08-31 13:03:53', '2018-08-31 13:03:53'),
(77, 18, 'Rubye Harvey', 'Possimus rerum aut nihil veniam quisquam voluptatem reiciendis eveniet. Numquam hic nemo sit ab debitis. Corrupti fugit recusandae omnis quia. Nam dolor aut voluptatem sed dolor.', 2, '2018-08-31 13:03:53', '2018-08-31 13:03:53'),
(78, 11, 'Gregorio Stamm', 'Quidem nesciunt dolor voluptas neque quisquam nesciunt. Occaecati ratione aut quae cupiditate soluta laboriosam deserunt hic. Corrupti minima dolores dolor vitae non.', 1, '2018-08-31 13:03:53', '2018-08-31 13:03:53'),
(79, 8, 'Frida Sipes', 'Asperiores voluptates aliquam consequatur sapiente. Autem ipsum ipsum non laboriosam recusandae. Est sapiente est voluptas maiores molestias. Est ut reiciendis odit doloribus adipisci vel.', 1, '2018-08-31 13:03:53', '2018-08-31 13:03:53'),
(80, 75, 'Dr. Layne Howell DDS', 'Doloremque excepturi unde qui voluptatem autem qui quod. Ut voluptatem quae eligendi deserunt alias sit omnis. Pariatur veritatis voluptas est qui eum illum inventore quam.', 3, '2018-08-31 13:03:53', '2018-08-31 13:03:53'),
(81, 51, 'Mrs. Vallie Ledner PhD', 'Minus modi recusandae blanditiis. Qui quisquam omnis expedita repellendus cum officia consequatur. Architecto iste sit praesentium eveniet sed. Facere voluptatem corporis qui qui ut sit est.', 1, '2018-08-31 13:03:53', '2018-08-31 13:03:53'),
(82, 66, 'Janiya Conn IV', 'Possimus mollitia doloremque aliquid. Rerum autem aut fugiat expedita quasi. Soluta ipsam fugit optio quis. Aliquid dolores quis iusto quas vel debitis saepe. Mollitia vero est illo fugiat suscipit.', 2, '2018-08-31 13:03:53', '2018-08-31 13:03:53'),
(83, 42, 'Milford Schneider', 'Perferendis eum ea repellat voluptatem. Debitis excepturi suscipit minima laudantium. Quis et dolores eius repellendus sed. Expedita voluptatem repellendus repellat doloremque dolores veritatis officia.', 0, '2018-08-31 13:03:53', '2018-08-31 13:03:53'),
(84, 98, 'Melyna Hamill', 'Harum consequatur reiciendis et tempore. Quos vero ea aspernatur molestias occaecati iste. Ut sit inventore aperiam et.', 0, '2018-08-31 13:03:53', '2018-08-31 13:03:53'),
(85, 36, 'Mr. Antwon Mraz', 'Eum illum maiores dolore. Mollitia odit voluptatem alias et. Sunt nihil qui labore nulla rem voluptatem qui provident.', 4, '2018-08-31 13:03:53', '2018-08-31 13:03:53'),
(86, 45, 'Agustin Schneider', 'Facilis qui nulla officia velit. Voluptates in ex ut fuga.', 0, '2018-08-31 13:03:53', '2018-08-31 13:03:53'),
(87, 9, 'Dario Heidenreich Jr.', 'Qui deleniti sequi magni quo illo aliquam qui. Ut ex quo est mollitia eius quae aut.', 5, '2018-08-31 13:03:53', '2018-08-31 13:03:53'),
(88, 19, 'Virginia Zulauf DVM', 'Doloribus qui sapiente temporibus deserunt. Numquam debitis consequatur aspernatur perferendis ducimus accusamus. Est iusto vel optio expedita illo. Nesciunt ut incidunt reiciendis ut voluptas.', 1, '2018-08-31 13:03:53', '2018-08-31 13:03:53'),
(89, 99, 'Dejah Nolan', 'Corrupti nemo vel officia velit consectetur non et. Dicta eos harum inventore officiis et eos. Impedit praesentium quaerat rerum est commodi cumque non.', 1, '2018-08-31 13:03:53', '2018-08-31 13:03:53'),
(90, 93, 'Irma Dooley', 'Enim illum quibusdam omnis voluptate tenetur voluptatum eum. Iure blanditiis omnis voluptates quibusdam. Reiciendis iste enim et qui.', 5, '2018-08-31 13:03:53', '2018-08-31 13:03:53'),
(91, 42, 'Dr. Zion Howe II', 'Dignissimos ut et qui dolor quo dolorum quas. Incidunt provident inventore temporibus qui sunt quia blanditiis repellat. Sunt accusamus quia sint ut officiis voluptas repellendus.', 4, '2018-08-31 13:03:53', '2018-08-31 13:03:53'),
(92, 37, 'Clarissa Shanahan', 'Voluptate consectetur exercitationem nostrum et sint aperiam. Maxime modi neque atque. Harum dicta assumenda tenetur rerum sit cum non. Et dolorem alias corrupti distinctio rem blanditiis sed.', 2, '2018-08-31 13:03:53', '2018-08-31 13:03:53'),
(93, 59, 'Charity Zieme IV', 'Et id repellat consequatur aut dolorem ducimus. Earum vero nam vel.', 5, '2018-08-31 13:03:53', '2018-08-31 13:03:53'),
(94, 24, 'Lonzo Dach', 'Harum enim enim in ipsum delectus qui id. Veritatis omnis esse delectus nemo provident. Autem fugit non qui qui.', 5, '2018-08-31 13:03:53', '2018-08-31 13:03:53'),
(95, 91, 'Karson McLaughlin', 'Sapiente asperiores eius ut nostrum. Quis unde placeat sed qui. Fugiat adipisci et incidunt. Non animi fugit et ea voluptatem.', 1, '2018-08-31 13:03:53', '2018-08-31 13:03:53'),
(96, 62, 'Zora Kutch', 'Eius ut voluptatem quo deleniti. Molestiae mollitia vero aliquam quo eaque quo et. Ipsam impedit nulla mollitia repellat deleniti dicta quisquam atque.', 5, '2018-08-31 13:03:53', '2018-08-31 13:03:53'),
(97, 3, 'Anderson Cummings', 'Odio aut ab illum sint repellendus suscipit et. Sit velit quas a reiciendis ut. Quia beatae et impedit voluptatibus soluta nobis. Facere ratione quam fugiat eaque provident.', 2, '2018-08-31 13:03:53', '2018-08-31 13:03:53'),
(98, 25, 'Jamaal Ankunding V', 'Aut dolorem enim nam tempore reprehenderit vero. Officia repellat excepturi culpa aut qui iste. Et id qui quae nisi quis. Ut enim sunt assumenda ab. Deleniti harum vel inventore et corporis ea praesentium eum.', 5, '2018-08-31 13:03:53', '2018-08-31 13:03:53'),
(99, 12, 'Newell Wolff', 'Incidunt vero voluptas in enim. Qui consectetur est magnam explicabo quas doloremque. Molestiae et exercitationem in ut expedita possimus. Necessitatibus nulla dolorum modi debitis praesentium est.', 5, '2018-08-31 13:03:53', '2018-08-31 13:03:53'),
(100, 98, 'Garnet Kunze', 'Illum dolores vel maiores nobis aperiam omnis tenetur minus. Veniam laudantium culpa et. Veritatis adipisci aperiam iste ut ex. Porro molestias illo consequatur in. Ipsum reiciendis consequuntur laudantium ducimus consequatur non expedita non.', 3, '2018-08-31 13:03:53', '2018-08-31 13:03:53'),
(101, 43, 'Dr. Marcos King Jr.', 'Cupiditate amet aut sint atque sit soluta vel. Tempore corrupti qui recusandae ipsum quia. Dolor non ipsam dolor doloremque excepturi numquam.', 0, '2018-08-31 13:03:53', '2018-08-31 13:03:53'),
(102, 3, 'Bo Lakin', 'Sapiente temporibus libero corporis quam labore natus. Consequuntur a nam numquam minima culpa. Optio quibusdam ea vero qui commodi repudiandae.', 1, '2018-08-31 13:03:53', '2018-08-31 13:03:53'),
(103, 69, 'Prof. Raphaelle Herzog', 'Deserunt est ipsa suscipit et. Accusamus molestiae nihil quo ratione. Voluptas est tenetur consequatur.', 1, '2018-08-31 13:03:53', '2018-08-31 13:03:53'),
(104, 67, 'Roger Feil', 'Minus perferendis ratione sunt ipsam repudiandae repudiandae. Quas aperiam et officia similique alias maiores. Maiores tempore maiores laborum quam ut eveniet.', 4, '2018-08-31 13:03:53', '2018-08-31 13:03:53'),
(105, 19, 'Justina Schowalter', 'Libero sed qui adipisci. Facilis laudantium et sint sapiente aut. Magni omnis tenetur quaerat dolores velit.', 0, '2018-08-31 13:03:53', '2018-08-31 13:03:53'),
(106, 39, 'Caitlyn Reinger', 'Suscipit necessitatibus est ex dolorum. Consequuntur autem nihil aut. Ipsum est voluptatem quo.', 0, '2018-08-31 13:03:53', '2018-08-31 13:03:53'),
(107, 63, 'Cleve Considine', 'Ex qui corrupti aut et. Numquam amet ex dicta porro. Assumenda tenetur dicta itaque harum quaerat nam. Quia harum repellat ea alias molestias adipisci.', 5, '2018-08-31 13:03:53', '2018-08-31 13:03:53'),
(108, 82, 'Seamus Rowe I', 'Laborum et ipsum vitae. Qui iure quaerat cumque quisquam. Culpa est eligendi tempora inventore ut consectetur magni sunt.', 2, '2018-08-31 13:03:53', '2018-08-31 13:03:53'),
(109, 9, 'Jessika Ebert', 'Aliquid tempora excepturi magnam eos dicta mollitia. Explicabo non sit consequatur voluptatem. Tempore placeat molestiae sunt suscipit et ducimus ex consequatur. Molestiae perferendis ab quidem modi tempore.', 1, '2018-08-31 13:03:53', '2018-08-31 13:03:53'),
(110, 61, 'Heath Haley', 'Iste facere ut aliquam dolore dolorum. Accusamus praesentium tempora tenetur. Aut sit vero velit atque placeat aut. Exercitationem distinctio a perferendis officia corporis.', 4, '2018-08-31 13:03:53', '2018-08-31 13:03:53'),
(111, 57, 'Sheldon Hartmann', 'Reprehenderit perferendis soluta fuga nam. Voluptatem saepe id sed quia velit mollitia est. Soluta deleniti eveniet beatae ab. Iusto error quia atque soluta illo autem repellendus.', 1, '2018-08-31 13:03:53', '2018-08-31 13:03:53'),
(112, 81, 'Kylee Gutkowski DVM', 'Voluptatem adipisci impedit optio neque officiis eligendi maxime. Ex aut molestias ipsum et autem. Voluptatem minima neque quia omnis inventore. Voluptatem odio velit et molestias et.', 2, '2018-08-31 13:03:53', '2018-08-31 13:03:53'),
(113, 1, 'Prof. Doug Barrows III', 'Eos nihil quasi est cumque. Excepturi asperiores nisi est aliquid quibusdam. Neque et aut placeat qui distinctio.', 1, '2018-08-31 13:03:53', '2018-08-31 13:03:53'),
(114, 60, 'Jennings Pfeffer', 'Fuga esse harum qui maiores consequuntur. Quia accusantium sed quia et nihil ea. Sed accusamus eligendi iusto et. A quisquam laborum doloremque quo quidem sit ratione dolores. Occaecati non ipsam delectus sunt est similique placeat.', 5, '2018-08-31 13:03:53', '2018-08-31 13:03:53'),
(115, 3, 'Alice Kub', 'Debitis magni quibusdam eum enim et. Eligendi velit ad delectus et qui est aliquid. Alias quod culpa doloremque. Sed labore placeat atque est et libero.', 5, '2018-08-31 13:03:53', '2018-08-31 13:03:53'),
(116, 81, 'Gillian Botsford', 'Corrupti earum doloremque quibusdam laudantium magni. Sapiente aut reiciendis culpa quam blanditiis id. Dolorum illum saepe ab et nostrum vel. Pariatur vel voluptatem velit corporis et.', 0, '2018-08-31 13:03:53', '2018-08-31 13:03:53'),
(117, 85, 'Ericka Schmidt', 'Magni aperiam hic occaecati dolorem ullam. Et vero sed quo quos. Impedit sit placeat cupiditate sunt esse voluptatem.', 1, '2018-08-31 13:03:53', '2018-08-31 13:03:53'),
(118, 60, 'Ms. Margarette Maggio', 'Voluptatum ducimus veritatis laboriosam fugiat. Laudantium officia sed quae non qui fugit. Tenetur nesciunt rerum voluptatem sapiente.', 5, '2018-08-31 13:03:53', '2018-08-31 13:03:53'),
(119, 23, 'Prof. Graham Volkman', 'Facilis quo quia iure est commodi est vero. Velit voluptas vel quos perferendis error est. Voluptatem qui et consequuntur a eos et. Officiis cum ea maiores perspiciatis deleniti.', 1, '2018-08-31 13:03:53', '2018-08-31 13:03:53'),
(120, 98, 'Mekhi Reynolds', 'Consectetur minus ipsum iste praesentium. Numquam sapiente reiciendis doloribus voluptas. Et pariatur rerum eligendi.', 3, '2018-08-31 13:03:53', '2018-08-31 13:03:53'),
(121, 40, 'George Krajcik III', 'Quo est iste explicabo sit corporis ut fugit. Fugiat minus corporis illo et quidem. Molestiae adipisci eius debitis commodi debitis illo. Vero culpa tempore tempora ducimus.', 1, '2018-08-31 13:03:53', '2018-08-31 13:03:53'),
(122, 55, 'Dr. Melany Goodwin', 'Ut dolore rerum minima ducimus cumque minima. Quisquam accusantium accusamus magnam non sed. Quas deleniti ut voluptate tempore quis. Laboriosam ut et cum hic provident ut.', 5, '2018-08-31 13:03:53', '2018-08-31 13:03:53'),
(123, 42, 'Hilda Kuvalis', 'Ea voluptatem veniam at commodi cum aspernatur. Ullam dicta rem rerum aut hic sint sint cupiditate. Qui labore voluptas ab. Dolores illo aliquam aut consequatur quia id.', 5, '2018-08-31 13:03:53', '2018-08-31 13:03:53'),
(124, 53, 'Anne Lockman PhD', 'Quam aut laudantium praesentium qui voluptates ab cum. Sed a et praesentium et ut doloremque officia. Ipsa tempore sint qui enim fugit repellendus odio. Doloremque deleniti sequi odio laboriosam libero ad repudiandae earum.', 1, '2018-08-31 13:03:53', '2018-08-31 13:03:53'),
(125, 47, 'Finn Schimmel DVM', 'Expedita est eos quam alias occaecati ipsam. Exercitationem expedita id quam distinctio aut est. Nulla nemo eaque voluptates. Quis ad expedita sit fugiat.', 1, '2018-08-31 13:03:53', '2018-08-31 13:03:53'),
(126, 11, 'Nicola Waelchi', 'Delectus dolorem et porro optio et esse. Deleniti id consequatur officia voluptatem harum laborum nam. Dolorem labore incidunt neque non mollitia assumenda enim. A et rerum sapiente voluptas possimus.', 0, '2018-08-31 13:03:53', '2018-08-31 13:03:53'),
(127, 21, 'Kailee Grimes DDS', 'Qui corrupti et sint earum aspernatur molestiae vel. Omnis incidunt id iste magni molestiae qui dignissimos. Eum ipsum animi ut voluptas exercitationem.', 0, '2018-08-31 13:03:53', '2018-08-31 13:03:53'),
(128, 30, 'Lonny Cremin', 'Dicta et odit velit animi dolorem. Animi est quis impedit occaecati aut maiores. Deserunt mollitia dolores enim quam soluta sit. Quod sed maiores magni ipsam similique illo perferendis.', 0, '2018-08-31 13:03:53', '2018-08-31 13:03:53'),
(129, 91, 'Lemuel Price', 'Vero est suscipit voluptatibus voluptas. Unde illo ipsum aut cum soluta sit. Repudiandae voluptate et omnis veniam quod. Nisi odit ut odio inventore.', 4, '2018-08-31 13:03:53', '2018-08-31 13:03:53'),
(130, 73, 'Shawna Leuschke', 'Distinctio magnam expedita laboriosam et earum cum aliquam. Consequatur aut et natus nihil. Sed vitae molestiae quis ea placeat voluptatem hic. Quis sapiente ab harum.', 0, '2018-08-31 13:03:53', '2018-08-31 13:03:53'),
(131, 41, 'Dasia McClure', 'Rerum voluptates fugiat deleniti unde veniam commodi praesentium. Voluptatibus impedit qui impedit dolor eum. Modi blanditiis vero ratione et.', 3, '2018-08-31 13:03:53', '2018-08-31 13:03:53'),
(132, 76, 'Mrs. Bulah Steuber IV', 'Quo aut aut aperiam eum sint consequuntur. Accusamus et sint rerum et natus sed. Facilis dicta blanditiis praesentium esse et.', 1, '2018-08-31 13:03:53', '2018-08-31 13:03:53'),
(133, 99, 'Linwood Halvorson', 'In dolorem eum cum porro ut libero rerum. Voluptates laborum magnam velit et nisi. Eligendi tempore voluptatem aliquam atque corrupti ut.', 2, '2018-08-31 13:03:53', '2018-08-31 13:03:53'),
(134, 5, 'Miss Citlalli Haley I', 'Cumque animi ut sed nisi nulla delectus quis. Labore error ut voluptate saepe totam molestiae eligendi. Consectetur repellendus quibusdam unde voluptas sequi deleniti explicabo.', 5, '2018-08-31 13:03:53', '2018-08-31 13:03:53'),
(135, 91, 'Michelle Cole', 'Occaecati dolore ipsam asperiores deserunt deserunt ut sequi. Excepturi sunt culpa at. Enim totam et ipsa necessitatibus. Sit eos est error atque.', 0, '2018-08-31 13:03:53', '2018-08-31 13:03:53'),
(136, 17, 'Duncan Wuckert MD', 'Id deleniti et amet ea nobis recusandae voluptas magni. Magni et repellendus necessitatibus.', 1, '2018-08-31 13:03:53', '2018-08-31 13:03:53'),
(137, 31, 'Mr. Vincenzo Hagenes', 'Voluptas sit fugit voluptatem tenetur. Consequuntur sed et ut cum. Voluptates ut perferendis deleniti ea.', 0, '2018-08-31 13:03:53', '2018-08-31 13:03:53'),
(138, 85, 'Dion Windler', 'Voluptatum facilis saepe quibusdam totam voluptatem. Dignissimos ex vitae occaecati temporibus. Neque magnam reiciendis excepturi quia.', 3, '2018-08-31 13:03:53', '2018-08-31 13:03:53'),
(139, 72, 'Mazie Kautzer', 'Similique eum vel voluptatem quis eligendi optio id. Ipsam ab aperiam voluptatibus adipisci. Nihil magni magnam dolores. Voluptatem sint in quia aspernatur soluta aut repellat. Molestiae aut cupiditate mollitia.', 1, '2018-08-31 13:03:53', '2018-08-31 13:03:53'),
(140, 89, 'Dr. Leda Funk Sr.', 'Numquam dolor harum blanditiis laudantium autem. Eos aspernatur enim sunt et. Nam dolores porro et sit. Dolores delectus praesentium quo sit quo id.', 4, '2018-08-31 13:03:53', '2018-08-31 13:03:53'),
(141, 75, 'Antonette Marks', 'Sit quo aliquid odit repellat laudantium sunt id fuga. Dolores et totam deserunt. Distinctio architecto beatae quia sed.', 5, '2018-08-31 13:03:53', '2018-08-31 13:03:53'),
(142, 48, 'Eli Murazik', 'Quo culpa repudiandae est ratione vero. Voluptatibus voluptatem veritatis odio occaecati nisi. Quia quia sint totam architecto. Eius voluptatem architecto accusantium sapiente.', 4, '2018-08-31 13:03:53', '2018-08-31 13:03:53'),
(143, 69, 'Dr. Angelita D\'Amore I', 'Consequatur provident quam et autem dolor labore nihil. Quo et animi dolor vel. Ullam sed et placeat omnis quibusdam assumenda. Tenetur corrupti aperiam quia cumque officia commodi consequatur.', 3, '2018-08-31 13:03:53', '2018-08-31 13:03:53'),
(144, 53, 'Margot Schaefer', 'Ea autem omnis et quasi et sed. Consequatur quis fugit facere officiis illo magni molestiae maiores. Veritatis porro a nesciunt laboriosam voluptatem quia.', 1, '2018-08-31 13:03:53', '2018-08-31 13:03:53'),
(145, 65, 'Darrion Douglas', 'Inventore odio dolores hic ut et unde. Aut voluptas aut delectus soluta. Consectetur dolor tempore sit a debitis.', 1, '2018-08-31 13:03:53', '2018-08-31 13:03:53'),
(146, 88, 'Gayle Crooks', 'Tempora laudantium nobis reprehenderit deserunt et. Voluptate tempora quis non et rerum voluptatem incidunt. Aspernatur voluptates sint qui fugit.', 5, '2018-08-31 13:03:53', '2018-08-31 13:03:53'),
(147, 23, 'Kitty McDermott DVM', 'Dolorem accusamus adipisci totam inventore qui. Corrupti non magnam qui possimus. Sit saepe quas repudiandae dolores.', 3, '2018-08-31 13:03:53', '2018-08-31 13:03:53'),
(148, 61, 'Evan Runte', 'Doloremque alias eos rerum animi. Ducimus voluptas ab nobis dolor fugiat voluptas dolores. Qui dolorum veniam dolor qui explicabo dolor qui. Vel minus et et voluptatem voluptas omnis.', 4, '2018-08-31 13:03:53', '2018-08-31 13:03:53'),
(149, 22, 'Ms. Aurelie Walker MD', 'Quam rerum et alias at iste fuga fuga tempora. Ducimus voluptates quas impedit iure est ut. Non et sit rerum voluptatem. Corporis dolorum facere veniam molestiae corrupti doloribus sint excepturi.', 2, '2018-08-31 13:03:53', '2018-08-31 13:03:53'),
(150, 91, 'Alexie Barrows', 'Praesentium laudantium et distinctio. Perspiciatis ut soluta nostrum et distinctio. Voluptas tempore commodi ut est est pariatur quo.', 1, '2018-08-31 13:03:53', '2018-08-31 13:03:53'),
(151, 47, 'Elliot Walsh', 'Dicta saepe et ex et ut officiis quia. Molestiae nihil quos iste aliquid numquam quisquam quis. Rerum similique non asperiores omnis molestias quis. Architecto et accusantium et dolorem cupiditate cum.', 5, '2018-08-31 13:03:53', '2018-08-31 13:03:53'),
(152, 24, 'Al Schowalter', 'Quo earum quibusdam omnis nisi quasi. Nobis adipisci ullam ut et architecto commodi quam voluptas. Ex quia quo ut et harum.', 3, '2018-08-31 13:03:53', '2018-08-31 13:03:53'),
(153, 28, 'Flavio Yundt', 'Tempore veritatis quidem est. Tempore atque id enim autem. Qui corrupti eius unde eius magni. Soluta ullam ipsum aut.', 1, '2018-08-31 13:03:53', '2018-08-31 13:03:53'),
(154, 1, 'Marilie Franecki III', 'Impedit molestiae omnis id esse architecto est. Nihil inventore modi error iste repudiandae optio est. Non esse sint quo. Mollitia veritatis animi enim vel perspiciatis quis.', 1, '2018-08-31 13:03:53', '2018-08-31 13:03:53'),
(155, 9, 'Antonina Botsford', 'Eligendi facere accusamus reiciendis et. Commodi quo incidunt iste officia ex aliquid. Rerum nihil earum in eos. Praesentium molestiae eum expedita vel et.', 1, '2018-08-31 13:03:53', '2018-08-31 13:03:53'),
(156, 48, 'Morgan Leffler', 'Soluta quisquam eius aliquid veritatis quae et possimus. Laborum voluptatem autem laboriosam quia voluptatem eos.', 3, '2018-08-31 13:03:53', '2018-08-31 13:03:53'),
(157, 32, 'Prof. Devan Bode II', 'Minus molestiae delectus libero sed. Dignissimos nobis veniam beatae voluptatem ipsam. Expedita ut adipisci ratione facere consequatur. Nesciunt amet id repudiandae facilis.', 5, '2018-08-31 13:03:53', '2018-08-31 13:03:53'),
(158, 96, 'Javier Willms IV', 'Necessitatibus est ullam aut non dolor modi porro. Nobis odit sit ut veniam deserunt impedit animi. Natus aspernatur molestias illo numquam rerum. Inventore aliquid qui earum.', 2, '2018-08-31 13:03:53', '2018-08-31 13:03:53'),
(159, 99, 'Hermina Little IV', 'Quas nostrum ut rerum numquam nam quasi. Quos suscipit voluptas quas praesentium et sunt omnis. Sint voluptas sint aspernatur voluptates. Non ut at quia et ducimus et.', 1, '2018-08-31 13:03:53', '2018-08-31 13:03:53'),
(160, 69, 'Miss Etha Altenwerth', 'Natus occaecati voluptatem aliquid nobis nisi sed. Quo beatae nobis molestiae inventore ab tempora. Dolorem facilis ea deserunt reiciendis ut occaecati.', 1, '2018-08-31 13:03:53', '2018-08-31 13:03:53'),
(161, 34, 'Dr. Armand Erdman', 'A fuga corporis et debitis. Accusantium quos nesciunt asperiores nihil repellendus qui. Possimus quibusdam facilis dolores tempora voluptatem similique doloremque.', 3, '2018-08-31 13:03:53', '2018-08-31 13:03:53'),
(162, 83, 'Miss Everette Cassin I', 'Reprehenderit qui quam illum sunt eum quaerat quo. Quae qui nobis libero quo optio quis est sit. A laudantium tempora qui officia consequuntur quo quo. Quaerat eaque quo dicta.', 0, '2018-08-31 13:03:53', '2018-08-31 13:03:53'),
(163, 100, 'Albin O\'Conner III', 'Veniam tempore voluptatibus quisquam similique ut. Error incidunt est pariatur qui modi quis. Nesciunt enim cumque quos at quaerat qui suscipit.', 3, '2018-08-31 13:03:53', '2018-08-31 13:03:53'),
(164, 47, 'Cora Hermiston', 'Nihil laborum praesentium corporis enim quia explicabo architecto. Sint nemo rerum quae. Et esse occaecati quo. Nesciunt non porro maxime magnam perspiciatis.', 2, '2018-08-31 13:03:53', '2018-08-31 13:03:53'),
(165, 37, 'Conrad Walter', 'In quaerat nihil quis et nesciunt velit nostrum rerum. Fugiat cum fuga consequatur vel earum quidem earum id. Rem accusamus deserunt ipsum nesciunt minima.', 5, '2018-08-31 13:03:53', '2018-08-31 13:03:53'),
(166, 5, 'Prof. Estevan Jast', 'Incidunt voluptates est sunt facilis ratione sed. Omnis magnam provident perspiciatis natus quaerat. Dolore qui voluptates officia animi. Neque animi facere quia ipsa voluptas.', 3, '2018-08-31 13:03:53', '2018-08-31 13:03:53'),
(167, 27, 'Halie Stamm', 'Consequatur eligendi quidem dolor quibusdam eius. Aut unde dignissimos ipsam sunt.', 5, '2018-08-31 13:03:53', '2018-08-31 13:03:53'),
(168, 84, 'Sebastian Littel', 'Temporibus tempore consectetur quod deserunt. Sunt nobis magni est perspiciatis nesciunt modi non. Deleniti in eum eveniet perferendis.', 3, '2018-08-31 13:03:53', '2018-08-31 13:03:53'),
(169, 2, 'Rachelle Runolfsdottir', 'Perferendis velit aspernatur dolorum aut consectetur et. Sequi aspernatur quisquam inventore cupiditate ipsam sed non. Consequatur magni non pariatur.', 5, '2018-08-31 13:03:53', '2018-08-31 13:03:53'),
(170, 28, 'Hardy Lang', 'Modi non voluptas ut officiis impedit repudiandae. Assumenda reiciendis repellendus dolores labore nihil quod sunt. Saepe ullam beatae et.', 0, '2018-08-31 13:03:53', '2018-08-31 13:03:53'),
(171, 81, 'Laurel Beatty', 'Velit neque aut atque qui. Soluta quidem modi ut earum vel. Quasi nam iusto sint illum. A magnam quos ut ut.', 0, '2018-08-31 13:03:53', '2018-08-31 13:03:53'),
(172, 89, 'Edythe Tillman', 'Molestiae molestias rerum dolores rerum omnis minus dolor. Voluptates qui quis explicabo libero magnam. Consequatur ut ratione est in hic. Consequatur reprehenderit ea vitae. Natus sed nisi aliquid non sit quidem.', 0, '2018-08-31 13:03:53', '2018-08-31 13:03:53'),
(173, 29, 'Miss Katheryn Rippin Jr.', 'Sapiente rerum assumenda corporis. Rem ab voluptas quidem recusandae placeat est quibusdam. Qui sint accusamus doloribus omnis excepturi molestiae. Iure eaque voluptates quidem quas. Enim quia voluptatem qui inventore.', 2, '2018-08-31 13:03:53', '2018-08-31 13:03:53'),
(174, 47, 'Jerad Marvin', 'Quia qui numquam voluptates ut distinctio. Deleniti ad sed delectus. Odit rerum sed nesciunt ea est asperiores.', 0, '2018-08-31 13:03:53', '2018-08-31 13:03:53'),
(175, 89, 'Dr. Hilda Cummerata V', 'Sapiente et ut soluta. Voluptatem error fugit tempora repellendus. Facere eius incidunt inventore voluptate facilis aut.', 0, '2018-08-31 13:03:53', '2018-08-31 13:03:53'),
(176, 63, 'Prof. Dejah King DVM', 'Eius aliquid ut et molestias accusamus qui. Est fugiat vero at placeat quo aliquid vel aut. Commodi eos libero cumque. Commodi qui minus dolorem modi.', 2, '2018-08-31 13:03:53', '2018-08-31 13:03:53'),
(177, 3, 'Kasey Koepp', 'Debitis iusto aut et tempora rerum. Et est magnam qui occaecati iure. Nesciunt sapiente et qui itaque.', 5, '2018-08-31 13:03:53', '2018-08-31 13:03:53'),
(178, 99, 'Margot Batz', 'Perspiciatis porro vel autem quis. Placeat quidem impedit veniam distinctio et labore. Accusantium iste aliquid rem voluptatem voluptatem. Quo totam quidem ullam recusandae et maiores deleniti alias.', 1, '2018-08-31 13:03:53', '2018-08-31 13:03:53'),
(179, 96, 'Jamison Kutch Jr.', 'Impedit et et itaque dolores eum quia minus eius. Facere molestias asperiores ullam debitis recusandae sunt. Ea iste aut nesciunt.', 1, '2018-08-31 13:03:53', '2018-08-31 13:03:53'),
(180, 28, 'Jany Adams', 'Nostrum quia ipsa culpa minima. Facere non et voluptatem. Labore voluptas adipisci qui dicta tempore sint ut. Ut ut consequatur dicta atque et.', 2, '2018-08-31 13:03:53', '2018-08-31 13:03:53'),
(181, 91, 'Ellen Krajcik IV', 'Nobis ut id sunt dolorum beatae ad commodi. Eligendi debitis labore quasi tempore illo. Dolores repellendus perspiciatis magni perferendis. Ad assumenda tempora quia inventore earum beatae cumque.', 2, '2018-08-31 13:03:53', '2018-08-31 13:03:53'),
(182, 88, 'Prof. Jillian Willms', 'Distinctio labore numquam maxime aut quaerat. Ut voluptatem accusantium blanditiis.', 1, '2018-08-31 13:03:53', '2018-08-31 13:03:53'),
(183, 17, 'Kristina Windler V', 'Repudiandae dignissimos praesentium quis quibusdam. Facilis ullam excepturi odit consequatur modi modi soluta voluptatem. Quisquam minima et voluptatem. Ut molestiae voluptatem vel commodi consequatur sequi.', 3, '2018-08-31 13:03:53', '2018-08-31 13:03:53'),
(184, 84, 'Henry Bechtelar', 'Voluptas iusto veritatis quam consequuntur. Officiis illo rerum fugit et aut sit labore. Explicabo optio ducimus temporibus fugiat molestiae adipisci. Aut velit soluta vero maxime officiis quasi.', 5, '2018-08-31 13:03:53', '2018-08-31 13:03:53'),
(185, 88, 'Dr. Rodger Upton PhD', 'Sint molestiae soluta id aut ea harum odio laboriosam. Repudiandae numquam ut qui alias et quod doloribus. Aut adipisci minus qui qui. Quo at fugit in fugiat aliquam ut at.', 1, '2018-08-31 13:03:53', '2018-08-31 13:03:53'),
(186, 92, 'Helga Bernhard', 'Et sit cum rerum et libero quia. Et aut quis inventore fuga. Nulla quo assumenda maiores maiores molestias quia inventore cupiditate.', 4, '2018-08-31 13:03:53', '2018-08-31 13:03:53'),
(187, 100, 'Dortha Keebler', 'Ipsa doloremque omnis voluptatum pariatur qui aperiam molestiae. Qui assumenda vero quo qui molestias. Quia totam fugiat nulla architecto qui.', 2, '2018-08-31 13:03:53', '2018-08-31 13:03:53'),
(188, 73, 'Trystan Eichmann', 'Quia ipsam cum a molestiae recusandae aut. In doloribus blanditiis tenetur qui officiis eos accusamus. Excepturi et vel illo.', 1, '2018-08-31 13:03:53', '2018-08-31 13:03:53'),
(189, 11, 'Nicolas Connelly', 'Vel est quibusdam eaque quibusdam ex aut. Culpa soluta vel quaerat qui voluptas laborum sed. Ex consequatur vero sit quis error dolores.', 4, '2018-08-31 13:03:53', '2018-08-31 13:03:53'),
(190, 79, 'Kendra Jacobi', 'Repellat aut est dignissimos deserunt eos. Ratione qui repudiandae sint animi nihil omnis. Voluptas in ea officiis eos amet aut ad. Cum ratione natus fugit voluptate delectus a aut.', 5, '2018-08-31 13:03:53', '2018-08-31 13:03:53'),
(191, 13, 'Raul Keeling', 'Doloremque sed aut eum rerum nobis. Voluptas omnis qui velit cum dicta necessitatibus. Qui voluptate corporis beatae consequatur.', 1, '2018-08-31 13:03:53', '2018-08-31 13:03:53'),
(192, 9, 'August Schumm', 'Natus consequatur possimus aut quo. Quisquam corrupti aut eaque vero doloremque. Dicta quod molestias recusandae aut accusamus aut provident perferendis. Qui quae vero molestiae itaque sed vero eveniet. Sed sit sed deserunt fugiat est asperiores.', 5, '2018-08-31 13:03:53', '2018-08-31 13:03:53'),
(193, 20, 'Flavie Roberts', 'Mollitia et expedita laborum et fugit molestiae. Omnis vel temporibus ut architecto maxime quis eaque. Non sed totam ullam.', 2, '2018-08-31 13:03:53', '2018-08-31 13:03:53'),
(194, 55, 'Dr. Mekhi Rosenbaum Sr.', 'Nam facere itaque quo magnam architecto aut nulla laborum. Voluptatem iste nobis nisi minus tempore facere iusto incidunt. Reiciendis alias accusantium reprehenderit sunt natus eos. Repudiandae quam ut illo et vero sed.', 2, '2018-08-31 13:03:53', '2018-08-31 13:03:53'),
(195, 18, 'Prof. Richie Thompson', 'Aperiam distinctio nostrum voluptas et quibusdam. Quod odio ea sit dolorem laudantium dolorum. Itaque sed earum nesciunt quia.', 3, '2018-08-31 13:03:53', '2018-08-31 13:03:53'),
(196, 98, 'Ms. Betsy Yundt II', 'Accusantium atque officiis commodi tenetur nesciunt. Qui aliquam dolores quia. Qui repellat architecto dolor.', 3, '2018-08-31 13:03:53', '2018-08-31 13:03:53'),
(197, 60, 'Dr. Cleve Bosco', 'Assumenda maiores dolor consequatur neque sint sed suscipit sed. Ex et omnis quia labore autem voluptas qui explicabo. Illum ipsam ipsa sapiente incidunt libero rerum a. Odio neque aut exercitationem similique ea.', 3, '2018-08-31 13:03:53', '2018-08-31 13:03:53'),
(198, 100, 'Mrs. Ruthe Zieme I', 'Autem dolorum qui veniam voluptas. Suscipit sed dolores deleniti laboriosam quia distinctio deserunt. Sapiente assumenda reprehenderit tempora harum exercitationem.', 0, '2018-08-31 13:03:53', '2018-08-31 13:03:53'),
(199, 37, 'Morton Nikolaus', 'Debitis doloribus velit et qui quo atque. Aut quam hic et voluptas. Voluptates neque explicabo molestiae voluptatibus sequi consequuntur nemo vero.', 3, '2018-08-31 13:03:53', '2018-08-31 13:03:53'),
(200, 81, 'Carlotta Padberg', 'Vel voluptate deserunt explicabo quaerat hic quo. Beatae occaecati exercitationem consequatur quae. Natus repellat est quis dolor aut. Facere sed minima et dolorum magni.', 4, '2018-08-31 13:03:53', '2018-08-31 13:03:53'),
(201, 9, 'Stephan Eichmann', 'Quia distinctio sit aut ipsam occaecati qui. Iusto recusandae sunt sint reprehenderit ea. Cum voluptates numquam incidunt consequatur enim. Doloribus reprehenderit corporis consequatur sed aut.', 3, '2018-08-31 13:03:53', '2018-08-31 13:03:53'),
(202, 97, 'Alvah Marks', 'Hic autem quibusdam doloremque. Animi soluta id maiores magnam repellendus itaque et. Aut placeat non ipsam et non perferendis. Qui laboriosam saepe rerum aut vel nisi ut asperiores.', 1, '2018-08-31 13:03:53', '2018-08-31 13:03:53'),
(203, 76, 'Kadin Cremin II', 'Officia vel vitae eveniet dolore accusantium asperiores autem. Quibusdam non velit ut ad repellendus praesentium sequi. Expedita molestiae magni eum voluptatibus quia laborum. Optio et quia itaque voluptatibus aut optio.', 0, '2018-08-31 13:03:53', '2018-08-31 13:03:53'),
(204, 23, 'Hayley Gaylord', 'Et corrupti ipsam nobis. Neque iusto libero delectus. Quis sed optio quia vitae dolore quia voluptatem repellat.', 2, '2018-08-31 13:03:53', '2018-08-31 13:03:53'),
(205, 27, 'Eliezer Lindgren', 'Dignissimos sunt inventore est dolores commodi. Enim iure expedita necessitatibus. Laboriosam sit recusandae minima in aut iste.', 1, '2018-08-31 13:03:53', '2018-08-31 13:03:53'),
(206, 65, 'Mrs. Cordie Romaguera PhD', 'Fugiat cupiditate ut dolorem delectus aut. Assumenda numquam illum rerum qui qui. Qui praesentium nemo non minus voluptatem laboriosam. Maiores sed exercitationem praesentium est.', 1, '2018-08-31 13:03:53', '2018-08-31 13:03:53'),
(207, 83, 'Yasmin Renner', 'Sequi quia corporis maxime tenetur cum. Rerum in omnis beatae temporibus. Explicabo modi voluptas id minima consequatur odit. Excepturi fugit voluptas rerum. Fuga magnam similique sed dolor.', 4, '2018-08-31 13:03:53', '2018-08-31 13:03:53'),
(208, 65, 'Hardy Fritsch', 'Debitis iste asperiores sint minus dolorem. Est maxime consequatur quibusdam labore a.', 4, '2018-08-31 13:03:53', '2018-08-31 13:03:53'),
(209, 25, 'Meggie O\'Connell', 'Dolorum pariatur et ipsam nulla beatae in facilis. Laboriosam consequatur autem enim tenetur minima expedita. Alias perspiciatis dolor quisquam eos. Ratione voluptates molestiae consequatur ullam.', 5, '2018-08-31 13:03:53', '2018-08-31 13:03:53');
INSERT INTO `reviews` (`id`, `product_id`, `customer`, `review`, `star`, `created_at`, `updated_at`) VALUES
(210, 88, 'Colt Konopelski', 'Enim libero dolorem perspiciatis suscipit aliquid et deserunt consequatur. Qui rem voluptatem sunt nostrum dolore. Quae aut accusantium enim ratione aut aut rerum. Quia quaerat molestias cumque qui et qui.', 4, '2018-08-31 13:03:53', '2018-08-31 13:03:53'),
(211, 7, 'Harmony Grant IV', 'Laudantium aliquam corrupti est reiciendis odit voluptatem fugiat. Sapiente reiciendis aut odio aut nobis. Veniam voluptas modi nihil at minus. Iure voluptas exercitationem mollitia ipsum eligendi iusto blanditiis.', 4, '2018-08-31 13:03:53', '2018-08-31 13:03:53'),
(212, 12, 'Burnice Kerluke', 'In temporibus voluptatum consequatur et veniam at non. Rerum dolorem ullam perspiciatis voluptatem perferendis voluptatibus a. Voluptas porro sit dolores consequatur sint explicabo earum. Placeat incidunt beatae ipsum voluptatem perferendis quasi vero.', 0, '2018-08-31 13:03:53', '2018-08-31 13:03:53'),
(213, 56, 'Karley Miller', 'Unde dolore quasi odio. Expedita facere velit repudiandae perspiciatis enim. Autem et sit et minima id sequi optio. Quia voluptatem quos doloribus unde corrupti odit esse.', 3, '2018-08-31 13:03:53', '2018-08-31 13:03:53'),
(214, 75, 'Cornelius Stracke', 'Enim consequuntur quae ex perspiciatis quidem repellat. Et necessitatibus quia perspiciatis dolorem accusamus. A quia cupiditate a et quia maiores laudantium. Et et quis et sint laborum consequatur et.', 5, '2018-08-31 13:03:53', '2018-08-31 13:03:53'),
(215, 3, 'Arnaldo Crist', 'Quos porro ratione iste. Dolorum exercitationem provident nostrum dolorem rerum sit minima non. At non inventore voluptatem. Et molestiae sapiente tenetur qui cupiditate.', 1, '2018-08-31 13:03:53', '2018-08-31 13:03:53'),
(216, 32, 'Prof. Jamar Medhurst', 'Sapiente ipsa placeat tempora neque dolores. Voluptas suscipit maiores iure blanditiis tenetur voluptates tempore quos. Repellat voluptatem fugiat reiciendis id. Ratione itaque et neque reprehenderit dolor. Dolores ut qui ipsa inventore aut id optio.', 3, '2018-08-31 13:03:53', '2018-08-31 13:03:53'),
(217, 26, 'Lorenzo Shields', 'Dolor dolorum qui quasi et eaque officia optio. Est dolor fugiat et ut sed et officiis ut. Ut fuga in est ipsam. Similique inventore qui veritatis et dolores.', 1, '2018-08-31 13:03:53', '2018-08-31 13:03:53'),
(218, 84, 'Lillie Hoppe', 'Illo dolorem commodi earum. Eveniet repellendus esse necessitatibus deleniti et aut quis. Ipsam porro officiis delectus quam provident vero repellendus. Commodi repellendus et laborum aliquid omnis eos perspiciatis.', 1, '2018-08-31 13:03:53', '2018-08-31 13:03:53'),
(219, 53, 'Mr. Pablo Senger II', 'Est molestiae aspernatur fugit quasi est a at cupiditate. Minus dignissimos sint et doloribus modi. Doloribus neque in eum repellendus tenetur nemo.', 0, '2018-08-31 13:03:53', '2018-08-31 13:03:53'),
(220, 41, 'Hayden West', 'Architecto perferendis doloremque neque voluptatum. Consequatur et quasi commodi modi est omnis unde. Id qui occaecati deleniti omnis aut corrupti.', 5, '2018-08-31 13:03:53', '2018-08-31 13:03:53'),
(221, 71, 'Michel Mosciski', 'Quo vero ducimus beatae vitae maiores. Officia placeat qui excepturi consequatur. Corrupti et qui fugiat omnis veniam et consequatur. Unde ut animi sed dolore.', 3, '2018-08-31 13:03:53', '2018-08-31 13:03:53'),
(222, 87, 'Lauren Murazik', 'Amet ex nemo rerum ipsa libero doloribus accusantium impedit. Est dolorem quis nostrum non ut in quia.', 3, '2018-08-31 13:03:53', '2018-08-31 13:03:53'),
(223, 68, 'Miss Florence Maggio', 'Aperiam eveniet mollitia corrupti quod dolore qui rerum. Rem velit consequuntur est molestiae. Fugit impedit rerum ullam qui et ipsa nesciunt.', 4, '2018-08-31 13:03:53', '2018-08-31 13:03:53'),
(224, 60, 'Prof. Stevie Rosenbaum PhD', 'Temporibus esse nihil numquam commodi harum. Est sunt architecto est est autem dolor. Rem tempora qui quo voluptas culpa. Optio eveniet sunt temporibus quae ut.', 1, '2018-08-31 13:03:53', '2018-08-31 13:03:53'),
(225, 43, 'Gudrun Schamberger', 'Facere voluptatem sit est fugiat. Quia enim fugit fugit sit quas beatae non. Ut qui voluptas quisquam ad et omnis omnis. Aspernatur ratione qui doloribus doloribus cupiditate.', 3, '2018-08-31 13:03:53', '2018-08-31 13:03:53'),
(226, 97, 'Dr. Lauretta Predovic PhD', 'Aliquam ipsa dignissimos dolorem sed. Sapiente deleniti ullam id dolorum eos exercitationem commodi rerum. Excepturi dolor deleniti vel eum sed.', 5, '2018-08-31 13:03:53', '2018-08-31 13:03:53'),
(227, 86, 'Dameon Witting', 'Repellat nihil assumenda aut occaecati. Doloribus delectus et deleniti qui iste dignissimos. Ex sint autem optio ratione voluptas iste facere. Iste nulla accusantium quasi omnis tempore molestiae deleniti molestiae.', 0, '2018-08-31 13:03:54', '2018-08-31 13:03:54'),
(228, 25, 'Meaghan Stanton PhD', 'Dolor iusto voluptatem et reprehenderit. Nulla eligendi est aut et fugiat. Ullam aut eum quidem sed. Provident rerum ut qui repellat suscipit nobis.', 5, '2018-08-31 13:03:54', '2018-08-31 13:03:54'),
(229, 18, 'Sabrina Quigley', 'Dolor aspernatur aspernatur temporibus exercitationem id. Aut aut et optio repudiandae consequatur maxime sed blanditiis. Aut esse nisi asperiores sit.', 4, '2018-08-31 13:03:54', '2018-08-31 13:03:54'),
(230, 89, 'Mervin Padberg DDS', 'Recusandae repellat dolorum iusto saepe temporibus mollitia. Tenetur veritatis corporis nihil consequatur in. Esse consectetur sed eius eius ullam praesentium vitae. Qui ut libero quisquam fugiat.', 3, '2018-08-31 13:03:54', '2018-08-31 13:03:54'),
(231, 7, 'Ephraim Stark', 'Qui laboriosam facere praesentium. Iusto molestiae dolorum corrupti voluptatem non. Nam dolor totam repudiandae quasi illum. Cum commodi consequuntur accusantium porro molestias.', 0, '2018-08-31 13:03:54', '2018-08-31 13:03:54'),
(232, 35, 'Miss Gwendolyn Gaylord', 'Eaque repellat et voluptate aliquid. Non ut quam ex.', 5, '2018-08-31 13:03:54', '2018-08-31 13:03:54'),
(233, 42, 'Clay Mayer', 'Quo molestias et ipsam. Laboriosam atque dignissimos recusandae omnis. Facere sit reiciendis soluta eum.', 2, '2018-08-31 13:03:54', '2018-08-31 13:03:54'),
(234, 97, 'Milton Jerde', 'Voluptatem quaerat omnis sint repellat eveniet architecto facere. Reprehenderit ut officiis amet est molestiae. Dolorum officia sint dolores nemo suscipit omnis qui. Veniam ratione rerum voluptatem perspiciatis dolores beatae cupiditate.', 0, '2018-08-31 13:03:54', '2018-08-31 13:03:54'),
(235, 32, 'Joanie Klocko', 'Ut ut voluptas ad aut et aperiam. Esse et soluta aut aspernatur illum officia pariatur. Ut dolorem omnis id at.', 1, '2018-08-31 13:03:54', '2018-08-31 13:03:54'),
(236, 15, 'Ernestine Kshlerin', 'Ipsam adipisci dolore quia qui et sit quis. Velit aliquid facilis officiis et voluptas consequatur. Quo inventore quidem fugiat.', 5, '2018-08-31 13:03:54', '2018-08-31 13:03:54'),
(237, 55, 'Carolina Simonis', 'Sunt dolorum reiciendis eum et. Veniam aut iusto vitae occaecati magni voluptatem quis. Temporibus nesciunt tenetur beatae quia dolor molestiae. Aut dolorem aut quia nisi fugiat.', 3, '2018-08-31 13:03:54', '2018-08-31 13:03:54'),
(238, 54, 'Bernadine Haag', 'Eos similique quisquam quod libero tempora esse animi. Et voluptas eius voluptatem fugit quia numquam. Quam vero debitis nulla nihil aut. Odit veniam quis explicabo ad molestias voluptas ut.', 1, '2018-08-31 13:03:54', '2018-08-31 13:03:54'),
(239, 32, 'Davon Hauck', 'Ea natus aut aperiam. Sint similique illo non adipisci eligendi. Mollitia inventore et suscipit magni rerum.', 4, '2018-08-31 13:03:54', '2018-08-31 13:03:54'),
(240, 35, 'Helene Ratke', 'Et similique id consequatur tenetur. Fugiat quaerat rerum aut nam saepe labore. Ratione reiciendis natus vel voluptatem.', 3, '2018-08-31 13:03:54', '2018-08-31 13:03:54'),
(241, 92, 'Mr. William Rempel II', 'Sed sint aperiam veritatis et. At odit sit architecto voluptas sint perferendis. Aut consequatur eum consequatur cumque. Pariatur est dolores facere sapiente quia nemo.', 2, '2018-08-31 13:03:54', '2018-08-31 13:03:54'),
(242, 91, 'Mr. Markus Kuhn', 'Dolorem dolorem earum non voluptate. Blanditiis sunt quaerat eum consectetur et facilis dolor. Nisi qui id sunt consequuntur repudiandae quo laudantium. Reiciendis sed odit eos in. Nemo amet qui laborum et modi consequatur dignissimos.', 5, '2018-08-31 13:03:54', '2018-08-31 13:03:54'),
(243, 97, 'Kaden Feest', 'Qui et sunt magni laudantium. Rem sunt voluptas accusamus minima. Est ipsam aspernatur sint porro at quas dolorem.', 5, '2018-08-31 13:03:54', '2018-08-31 13:03:54'),
(244, 31, 'Raheem Skiles', 'Iste culpa ab eaque dolores eveniet nesciunt. Voluptatem consequatur incidunt quos consectetur enim libero. Voluptatem aliquam eos voluptates voluptate alias fuga possimus.', 2, '2018-08-31 13:03:54', '2018-08-31 13:03:54'),
(245, 83, 'Noemi Altenwerth', 'Consequatur officia eligendi beatae. Veritatis possimus non ullam aut quisquam laborum. Dignissimos possimus officiis aspernatur quod recusandae.', 3, '2018-08-31 13:03:54', '2018-08-31 13:03:54'),
(246, 75, 'Jacky Lowe', 'Sunt enim at voluptatem. Inventore voluptatem et eveniet modi non dolores. Minima voluptate molestiae veniam voluptate qui consequuntur. Perspiciatis rerum iusto et non voluptatem labore qui.', 1, '2018-08-31 13:03:54', '2018-08-31 13:03:54'),
(247, 32, 'Mr. Gunnar Schneider', 'Consequatur dolorem ipsam porro ut nisi. Aut sed voluptates fuga. Sed consequatur ducimus perferendis autem non voluptatem nesciunt.', 0, '2018-08-31 13:03:54', '2018-08-31 13:03:54'),
(248, 14, 'Prof. Brett Champlin', 'Voluptate ut iure nobis odio molestiae autem. Sunt quis commodi in veritatis. Eos aperiam qui id vitae placeat illum.', 0, '2018-08-31 13:03:54', '2018-08-31 13:03:54'),
(249, 45, 'Gaetano Lynch', 'Quos voluptas vel inventore. Voluptas omnis rem doloremque aperiam molestiae vero ad magnam. Perferendis dolorum eaque est officia provident. Hic quisquam quo et sunt rem.', 0, '2018-08-31 13:03:54', '2018-08-31 13:03:54'),
(250, 10, 'Davon Orn', 'Officia quasi praesentium hic necessitatibus consectetur consectetur tenetur. Autem minus rerum voluptates nesciunt alias non consectetur. Tempore in nisi deleniti est pariatur.', 1, '2018-08-31 13:03:54', '2018-08-31 13:03:54'),
(251, 34, 'Davin Bode III', 'Cupiditate fugit aut voluptatum. Quia deleniti et soluta ut molestiae. Libero nisi quia molestias quod.', 4, '2018-08-31 13:03:54', '2018-08-31 13:03:54'),
(252, 14, 'Miss Bettye Towne DDS', 'Sint et non libero laboriosam est. Fuga quibusdam tempore laudantium saepe ipsum ipsum autem. Exercitationem tempore velit aut deleniti.', 0, '2018-08-31 13:03:54', '2018-08-31 13:03:54'),
(253, 29, 'Ellsworth Jakubowski', 'Adipisci nihil reprehenderit libero reprehenderit quia ut repudiandae et. Omnis itaque ab natus. Pariatur praesentium repudiandae aliquam. Corporis ipsum doloribus impedit rem. Molestias blanditiis rem fugit et vel.', 1, '2018-08-31 13:03:54', '2018-08-31 13:03:54'),
(254, 32, 'Name Russel DDS', 'Labore fuga cum saepe quia. Minima repellendus ea ipsam eum et. Praesentium incidunt quis nesciunt placeat. Quibusdam vel qui natus quidem perferendis est minus.', 4, '2018-08-31 13:03:54', '2018-08-31 13:03:54'),
(255, 39, 'Dr. Meggie Carroll MD', 'Libero hic ullam quasi similique. Eaque natus qui quia ipsum ad perferendis aut. Omnis et voluptate saepe. Quod eum praesentium consequatur asperiores.', 1, '2018-08-31 13:03:54', '2018-08-31 13:03:54'),
(256, 61, 'Mrs. Alvina Witting', 'Sed quia voluptates nostrum sit temporibus. Expedita magnam dolor possimus non. Qui aliquid modi voluptate iusto dolor accusamus excepturi.', 4, '2018-08-31 13:03:54', '2018-08-31 13:03:54'),
(257, 9, 'Dr. Reuben Zieme Jr.', 'Quam odio dolorem animi. Nobis est id provident nihil. Aspernatur laudantium sunt eligendi distinctio. Amet commodi natus maxime debitis aut accusantium est illo.', 1, '2018-08-31 13:03:54', '2018-08-31 13:03:54'),
(258, 65, 'Marjory Sipes', 'Natus tempore necessitatibus vero qui adipisci necessitatibus et. Et iusto aut accusantium fugit sed qui consequuntur. Nobis totam quidem quia officiis sunt hic. Est illo cum ipsum est.', 4, '2018-08-31 13:03:54', '2018-08-31 13:03:54'),
(259, 60, 'Mortimer Marks', 'Rerum expedita a odio qui. Et eum alias excepturi quia. Voluptates quis possimus provident fugiat. Ratione tempore voluptatem velit voluptatem.', 2, '2018-08-31 13:03:54', '2018-08-31 13:03:54'),
(260, 72, 'Carolanne Lindgren MD', 'Ipsa magni ut qui laudantium. Ipsa facilis veniam nostrum mollitia. Similique iure est dolore modi quasi.', 0, '2018-08-31 13:03:54', '2018-08-31 13:03:54'),
(261, 45, 'Emily Gusikowski', 'Omnis et eveniet voluptatibus corporis eos explicabo rerum. Cum labore repudiandae voluptate velit corrupti. Esse hic sequi dolores et sapiente nam a. Excepturi non est nulla sint nisi.', 2, '2018-08-31 13:03:54', '2018-08-31 13:03:54'),
(262, 55, 'Prof. Jerald Gleichner V', 'Dignissimos dolores nulla at aut quos. Earum aliquam quasi similique. Distinctio sunt consequatur repellat exercitationem quisquam dolorem amet. Et expedita est perspiciatis et id.', 1, '2018-08-31 13:03:54', '2018-08-31 13:03:54'),
(263, 63, 'Ms. Tomasa McClure DVM', 'Explicabo autem distinctio vel. Quam et magnam consequatur doloremque.', 3, '2018-08-31 13:03:54', '2018-08-31 13:03:54'),
(264, 43, 'Oswald Wolf', 'Dolores pariatur aperiam cumque pariatur nemo pariatur aut. Omnis debitis et in placeat delectus repellendus. Vel id aut dolores ea.', 3, '2018-08-31 13:03:54', '2018-08-31 13:03:54'),
(265, 61, 'Keven Gislason', 'In libero eum doloribus aliquam error. Omnis voluptate sint aut voluptatem error. Minima provident tenetur numquam dolor ut.', 5, '2018-08-31 13:03:54', '2018-08-31 13:03:54'),
(266, 49, 'Vickie Mann', 'Ducimus cumque consequuntur distinctio cupiditate vero. Odit voluptas et maxime illo. Sint beatae et dicta voluptas perferendis quos. Non nisi incidunt iure qui veritatis pariatur.', 0, '2018-08-31 13:03:54', '2018-08-31 13:03:54'),
(267, 22, 'Lorena DuBuque', 'Voluptatem ut eos molestias alias animi amet facere sequi. Officiis sit facilis error quia et et. Nihil et consequatur earum voluptatum et quibusdam assumenda.', 0, '2018-08-31 13:03:54', '2018-08-31 13:03:54'),
(268, 29, 'Elody Tremblay', 'Hic est sed et saepe velit rerum. Ut aut illo vel. Atque perspiciatis consequatur ad et ut sit. Atque necessitatibus quia consequuntur ratione vel est nihil sit.', 5, '2018-08-31 13:03:54', '2018-08-31 13:03:54'),
(269, 95, 'Schuyler Schulist', 'Cumque dolore nihil qui tenetur. Distinctio qui dolores in accusamus delectus fugit sit. Deleniti expedita a corporis ut amet numquam.', 5, '2018-08-31 13:03:54', '2018-08-31 13:03:54'),
(270, 20, 'Rosetta Greenfelder', 'Et possimus aut quia officia esse suscipit. Voluptas quam provident quidem sed. Reiciendis et voluptatem aperiam laborum dolorum. Doloribus reiciendis quas ipsam hic corrupti iusto adipisci. Sint sint illo voluptatem mollitia nihil sint non.', 0, '2018-08-31 13:03:54', '2018-08-31 13:03:54'),
(271, 58, 'Shanel Nader', 'Ea explicabo voluptatibus dolor quis. Laborum laudantium quos harum maiores et quia aperiam. Amet magnam dignissimos cumque dolorum sunt est sit modi.', 4, '2018-08-31 13:03:54', '2018-08-31 13:03:54'),
(272, 3, 'Drew Doyle', 'Quo dignissimos possimus molestias deleniti sed odit eos. Magni ipsa et ea enim debitis. Harum tempore cum incidunt.', 0, '2018-08-31 13:03:54', '2018-08-31 13:03:54'),
(273, 42, 'Cordell Beatty', 'Aut id consectetur voluptatibus beatae quo iure nostrum ullam. Dolores ut ullam voluptas. Laboriosam dolor facere dignissimos necessitatibus unde temporibus enim.', 1, '2018-08-31 13:03:54', '2018-08-31 13:03:54'),
(274, 54, 'Monte Baumbach', 'Repellendus voluptas ut magni consequatur accusamus eius. Optio et sed accusantium voluptas similique ipsa et. Perferendis est velit qui ut eum qui atque. Sit ducimus voluptatem dolores consectetur itaque rem a. Reprehenderit consequatur consequuntur velit labore aut laborum.', 2, '2018-08-31 13:03:54', '2018-08-31 13:03:54'),
(275, 26, 'Mrs. Tamia Satterfield', 'Vel totam ut deserunt possimus. Ut consequatur aut non reiciendis voluptatem. Labore est neque aut similique doloribus fuga.', 1, '2018-08-31 13:03:54', '2018-08-31 13:03:54'),
(276, 89, 'Miss Alayna Bahringer DVM', 'Qui et hic et debitis consectetur aperiam omnis. Repellat aliquid quia quibusdam ipsum consequatur est. Accusantium mollitia sunt perferendis et odit et modi. Sint repellendus non est natus nulla nam a consequatur.', 1, '2018-08-31 13:03:54', '2018-08-31 13:03:54'),
(277, 45, 'Augusta Leffler', 'Nemo dolores ut optio sit ipsum dolorem dolorem. Veritatis tempore placeat voluptatem iusto iure. Sint nihil debitis porro magni. In qui voluptatibus quis ea numquam perferendis sit.', 2, '2018-08-31 13:03:54', '2018-08-31 13:03:54'),
(278, 28, 'Trace Frami', 'Ducimus et voluptatum eligendi optio porro enim ad. Fugit consectetur illum nostrum soluta. Totam quidem vero harum quia dolores qui sunt.', 2, '2018-08-31 13:03:54', '2018-08-31 13:03:54'),
(279, 12, 'Armani Abernathy', 'Excepturi libero similique architecto dicta et. Id quia ea reprehenderit aliquid veniam consequatur recusandae. Dolorum aut est sunt molestias omnis repudiandae rerum. Facere necessitatibus autem qui neque reprehenderit ut beatae.', 0, '2018-08-31 13:03:54', '2018-08-31 13:03:54'),
(280, 50, 'Mr. Regan Borer Jr.', 'Omnis est dolor earum doloremque consequuntur molestiae. Est sit incidunt ut dicta unde. Voluptatibus consequatur dignissimos fugiat hic ut voluptatem. Quo architecto incidunt laudantium vero dolores.', 1, '2018-08-31 13:03:54', '2018-08-31 13:03:54'),
(281, 68, 'Aubree Bernier', 'Laborum optio voluptatem nisi aut. Enim quae vitae dolorem. Fugiat porro ad quas id cupiditate. Voluptates soluta aliquid qui possimus totam et.', 4, '2018-08-31 13:03:54', '2018-08-31 13:03:54'),
(282, 41, 'Derick Wyman', 'Libero eum iste doloremque cumque. Numquam magni quos cum consequatur aut similique nemo.', 5, '2018-08-31 13:03:54', '2018-08-31 13:03:54'),
(283, 59, 'Stefan Robel PhD', 'Id aut et aut voluptas ullam. Accusantium veniam quo nemo voluptatem enim aut ipsam voluptates. Laudantium eius et quo illo sint ducimus. Animi laudantium officia et a maxime occaecati maiores.', 0, '2018-08-31 13:03:54', '2018-08-31 13:03:54'),
(284, 51, 'Dr. Juston Mohr Jr.', 'Eos reprehenderit ab commodi quaerat vitae doloribus quia a. Dolores aut sed excepturi eos beatae sunt hic. Ut eius molestiae quis sapiente accusamus dicta quod.', 5, '2018-08-31 13:03:54', '2018-08-31 13:03:54'),
(285, 55, 'Juvenal Yundt', 'Neque id non ullam et quo eveniet vel. Aliquid est molestiae blanditiis. Perspiciatis quis deleniti in ullam enim. Doloribus numquam minima vel.', 5, '2018-08-31 13:03:54', '2018-08-31 13:03:54'),
(286, 37, 'Wilton Olson', 'Qui sit praesentium inventore ipsa non libero. Necessitatibus pariatur aliquid voluptas sunt eos porro unde. Maiores non dolorum quisquam est blanditiis dolor vero dolore. Quas itaque aut et reprehenderit perferendis est. Quasi autem voluptatibus aut enim libero et.', 2, '2018-08-31 13:03:54', '2018-08-31 13:03:54'),
(287, 24, 'Dr. Thad Keeling III', 'Perspiciatis quia hic ut veniam voluptatum. Tenetur voluptas dolores tempora dolores veniam quia. Sit illum pariatur cupiditate repellendus qui itaque.', 4, '2018-08-31 13:03:54', '2018-08-31 13:03:54'),
(288, 5, 'Dr. Unique Ledner II', 'Voluptatum porro iure placeat itaque. Repellat distinctio tempora velit hic et error. Sint corporis facere aut.', 4, '2018-08-31 13:03:54', '2018-08-31 13:03:54'),
(289, 22, 'Jerrod Dietrich', 'Sint omnis occaecati minima modi omnis rerum repellat. Consequuntur est consequatur quidem vitae aliquam. Quisquam nihil ea dolor voluptatum.', 5, '2018-08-31 13:03:54', '2018-08-31 13:03:54'),
(290, 54, 'Dr. Vella Wilkinson V', 'Fugiat nisi voluptate recusandae neque cumque ex aut. Tempora debitis quos quibusdam quaerat praesentium illum voluptate. Voluptas consequatur ducimus et amet sed amet non. Natus quia quibusdam dolor numquam voluptatem.', 1, '2018-08-31 13:03:54', '2018-08-31 13:03:54'),
(291, 36, 'Torrey Bergstrom Jr.', 'Odit quis quisquam ducimus tempore vitae. Cumque mollitia fugit sequi maiores quia voluptas. In nostrum porro omnis illo.', 1, '2018-08-31 13:03:54', '2018-08-31 13:03:54'),
(292, 26, 'Lorenzo Larkin', 'Praesentium consectetur reprehenderit eos earum porro est et. Corporis laborum debitis qui sunt rem. Deleniti non non rerum.', 0, '2018-08-31 13:03:54', '2018-08-31 13:03:54'),
(293, 73, 'Ethel Schaefer', 'Et tempore non rerum consequatur aut. Architecto deleniti voluptas ea error qui nulla. Accusantium nisi sit dolorem ipsum. Delectus voluptatum molestiae perferendis rem qui ea.', 0, '2018-08-31 13:03:54', '2018-08-31 13:03:54'),
(294, 85, 'Pascale Grant', 'Modi corrupti atque officiis. Accusantium animi magni blanditiis tenetur repellendus impedit quaerat. Libero excepturi asperiores autem quia et ducimus. Quasi rem tempore iure.', 4, '2018-08-31 13:03:54', '2018-08-31 13:03:54'),
(295, 9, 'Dr. Clementine McCullough IV', 'Ullam fugiat nihil consequatur libero officia. Repellat beatae aut quibusdam maxime sunt quas minima. Explicabo voluptas ullam hic dolorum enim.', 2, '2018-08-31 13:03:54', '2018-08-31 13:03:54'),
(296, 94, 'Layla McDermott', 'Provident ullam perspiciatis dignissimos pariatur delectus nobis. Consequatur totam quidem eveniet quis accusamus tenetur. Assumenda ut eos consequuntur hic incidunt maxime sunt. Quae saepe animi praesentium dolorem nobis consequatur.', 3, '2018-08-31 13:03:54', '2018-08-31 13:03:54'),
(297, 30, 'Miss Georgiana McDermott IV', 'Rerum non nihil ipsa. Qui sunt pariatur doloribus sint consectetur saepe. Commodi fuga ut porro labore non rerum.', 0, '2018-08-31 13:03:54', '2018-08-31 13:03:54'),
(298, 75, 'Meaghan Lueilwitz PhD', 'Eveniet cumque dolorem natus nostrum blanditiis reiciendis. Consequatur reprehenderit ut earum similique dolorem consequuntur nostrum. Alias enim deleniti et soluta iusto totam. Numquam laudantium ab labore laborum sapiente hic ab. Numquam enim asperiores est excepturi illo.', 3, '2018-08-31 13:03:54', '2018-08-31 13:03:54'),
(299, 48, 'Arielle Wyman', 'Dolores maxime necessitatibus soluta quas. Recusandae assumenda quia aut sunt excepturi libero esse. Et earum dolorem nam deserunt aut cum ut. Illo quia pariatur et.', 4, '2018-08-31 13:03:54', '2018-08-31 13:03:54'),
(300, 28, 'Antoinette VonRueden', 'Quia voluptates enim a sed. Dolores maiores ipsa dignissimos qui quis. Perferendis voluptas magnam rerum sit delectus quae.', 0, '2018-08-31 13:03:54', '2018-08-31 13:03:54');

-- --------------------------------------------------------

--
-- Table structure for table `users`
--

DROP TABLE IF EXISTS `users`;
CREATE TABLE IF NOT EXISTS `users` (
  `id` int(10) UNSIGNED NOT NULL AUTO_INCREMENT,
  `name` varchar(191) COLLATE utf8mb4_unicode_ci NOT NULL,
  `email` varchar(191) COLLATE utf8mb4_unicode_ci NOT NULL,
  `password` varchar(191) COLLATE utf8mb4_unicode_ci NOT NULL,
  `remember_token` varchar(100) COLLATE utf8mb4_unicode_ci DEFAULT NULL,
  `created_at` timestamp NULL DEFAULT NULL,
  `updated_at` timestamp NULL DEFAULT NULL,
  PRIMARY KEY (`id`),
  UNIQUE KEY `users_email_unique` (`email`)
) ENGINE=MyISAM DEFAULT CHARSET=utf8mb4 COLLATE=utf8mb4_unicode_ci;
COMMIT;

/*!40101 SET CHARACTER_SET_CLIENT=@OLD_CHARACTER_SET_CLIENT */;
/*!40101 SET CHARACTER_SET_RESULTS=@OLD_CHARACTER_SET_RESULTS */;
/*!40101 SET COLLATION_CONNECTION=@OLD_COLLATION_CONNECTION */;
